Window_Idx,PDR,Max_Burst
0,0.88,1
1,0.92,1
2,0.91,1
3,0.9,2
4,0.91,4
5,0.92,2
6,0.93,2
7,0.92,3
8,0.88,2
9,0.88,2
10,0.9,1
11,0.97,2
12,0.88,2
13,0.91,2
14,0.83,2
15,0.91,1
16,0.94,2
17,0.96,1
18,0.94,1
19,0.95,1
20,0.91,1
21,0.89,1
22,0.81,2
23,0.95,1
24,0.87,2
25,0.91,1
26,0.91,1
27,0.95,1
28,0.83,2
29,0.93,1
30,0.93,2
31,0.9,3
32,0.87,4
33,0.91,2
34,0.95,2
35,0.83,3
36,0.79,2
37,0.77,2
38,0.77,4
39,0.8,5
40,0.86,5
41,0.92,2
42,0.98,1
43,0.9,1
44,0.85,2
45,0.87,2
46,0.81,3
47,0.81,3
48,0.8,3
49,0.8,3
50,0.84,2
51,0.84,2
52,0.87,3
53,0.76,3
54,0.93,1
55,0.97,1
56,0.95,2
57,0.97,2
58,0.84,2
59,0.8,2
60,0.73,3
61,0.88,2
62,0.88,3
63,0.91,2
64,0.92,1
65,0.94,1
66,0.94,1
67,0.93,1
68,0.97,1
69,0.87,2
70,0.81,3
71,0.92,1
72,0.78,4
73,0.94,1
74,0.98,1
75,0.94,1
76,0.81,2
77,0.9,3
78,0.86,3
79,0.9,1
80,0.83,2
81,0.85,2
82,0.88,2
83,0.85,2
84,0.99,1
85,1.0,0
86,0.97,1
87,0.92,1
88,0.94,2
89,0.9,2
90,0.93,1
91,0.91,1
92,0.91,1
93,0.88,1
94,0.92,1
95,0.88,1
96,0.86,1
97,0.95,1
98,0.96,2
99,0.94,1
100,0.9,2
101,0.77,3
102,0.91,1
103,0.94,2
104,0.91,3
105,0.89,2
106,0.82,5
107,0.87,3
108,0.8,3
109,0.87,2
110,0.88,2
111,0.84,2
112,0.79,2
113,0.82,2
114,0.93,2
115,0.95,1
116,0.87,2
117,0.86,2
118,0.78,4
119,0.86,2
120,0.73,4
121,0.85,3
122,0.84,3
123,0.88,2
124,0.94,2
125,0.8,2
126,0.89,1
127,0.97,1
128,0.9,2
129,0.9,2
130,0.94,2
131,0.86,2
132,0.84,2
133,0.88,3
134,0.84,2
135,0.86,2
136,0.83,2
137,0.83,2
138,0.86,2
139,0.95,1
140,0.97,1
141,0.92,2
142,0.93,2
143,0.72,2
144,0.8,3
145,0.86,2
146,0.74,4
147,0.84,3
148,0.8,3
149,0.85,2
150,0.87,3
151,0.92,1
152,0.93,2
153,0.91,1
154,0.83,3
155,0.82,2
156,0.85,2
157,0.85,3
158,0.77,4
159,0.8,3
160,0.81,3
161,0.85,2
162,0.81,2
163,0.9,1
164,0.94,2
165,0.99,1
166,0.97,1
167,0.85,2
168,0.79,2
169,0.84,2
170,0.79,3
171,0.86,2
172,0.68,6
173,0.81,2
174,0.85,1
175,0.8,3
176,0.93,1
177,0.91,1
178,0.91,1
179,0.84,5
180,0.87,3
181,0.89,4
182,0.91,2
183,0.87,1
184,0.83,2
185,0.87,1
186,0.85,2
187,0.98,1
188,0.91,1
189,0.93,2
190,0.94,1
191,0.95,2
192,0.95,1
193,0.77,2
194,0.98,1
195,0.92,1
196,0.96,1
197,0.9,1
198,0.95,1
199,0.96,2
200,0.95,1
201,0.94,1
202,0.96,1
203,0.98,1
204,0.94,1
205,0.87,2
206,0.93,1
207,0.96,1
208,0.95,1
209,0.92,1
210,0.94,2
211,0.87,2
212,0.94,2
213,0.89,1
214,0.92,2
215,0.92,1
216,0.97,1
217,0.87,3
218,0.96,1
219,0.94,2
220,0.78,2
221,0.84,2
222,1.0,0
223,1.0,0
224,0.87,2
225,0.95,2
226,0.97,2
227,0.97,1
228,0.97,1
229,0.98,1
230,1.0,0
231,0.98,1
232,0.91,1
233,0.96,1
234,0.95,1
235,0.96,1
236,0.84,3
237,0.89,1
238,0.99,1
239,0.98,1
240,0.92,2
241,0.95,1
242,0.99,1
243,0.97,1
244,1.0,0
245,0.94,2
246,0.98,1
247,0.92,2
248,1.0,0
249,0.98,1
250,0.98,1
251,0.95,1
252,0.93,1
253,0.98,1
254,0.96,1
255,0.9,2
256,0.94,1
257,0.91,2
258,0.96,1
259,0.89,2
260,0.84,3
261,0.9,3
262,0.88,2
263,0.85,3
264,0.94,1
265,0.88,3
266,0.9,2
267,0.85,2
268,0.91,1
269,0.87,2
270,0.92,1
271,0.87,2
272,0.89,1
273,0.88,2
274,0.9,2
275,0.96,2
276,0.95,1
277,0.92,1
278,0.9,2
279,0.94,1
280,0.97,2
281,0.98,1
282,0.99,1
283,0.98,1
284,0.92,1
285,0.88,2
286,0.98,1
287,0.96,1
288,0.95,1
289,0.93,1
290,0.96,1
291,0.99,1
292,1.0,0
293,0.92,1
294,0.98,1
295,0.98,1
296,0.94,1
297,0.97,1
298,0.97,1
299,0.94,2
300,0.88,2
301,0.93,1
302,0.91,1
303,1.0,0
304,0.96,1
305,0.95,2
306,0.98,1
307,0.94,1
308,0.95,3
309,0.89,2
310,0.88,2
311,0.84,2
312,0.95,1
313,0.97,1
314,0.93,1
315,0.94,1
316,0.93,1
317,0.94,2
318,0.96,1
319,0.98,1
320,0.98,1
321,0.99,1
322,0.98,1
323,0.95,1
324,0.9,1
325,0.97,1
326,0.95,2
327,0.97,1
328,0.89,1
329,0.92,1
330,0.98,1
331,0.98,2
332,0.88,2
333,0.88,2
334,0.93,1
335,0.97,1
336,0.94,1
337,0.85,2
338,0.92,2
339,0.88,2
340,0.88,2
341,0.94,1
342,0.96,1
343,0.91,1
344,0.86,2
345,0.97,1
346,0.95,1
347,0.94,2
348,0.95,1
349,0.99,1
350,0.82,3
351,0.98,1
352,0.94,2
353,0.91,2
354,0.96,1
355,0.96,1
356,0.96,1
357,0.95,2
358,0.93,2
359,0.97,1
360,0.98,1
361,0.98,1
362,0.98,1
363,0.86,2
364,0.94,1
365,0.91,1
366,0.97,1
367,0.92,3
368,0.94,1
369,0.96,1
370,0.92,3
371,0.97,1
372,0.98,1
373,0.99,1
374,0.95,1
375,0.97,1
376,0.94,1
377,0.92,2
378,0.98,1
379,0.94,1
380,0.95,1
381,0.92,1
382,0.98,1
383,0.9,1
384,0.9,1
385,0.9,1
386,0.94,2
387,0.88,3
388,0.82,2
389,0.96,1
390,0.92,1
391,0.97,1
392,0.9,3
393,0.96,1
394,0.89,2
395,0.85,3
396,0.89,2
397,0.89,2
398,0.94,2
399,0.87,2
400,0.88,3
401,0.91,1
402,0.96,1
403,0.93,1
404,0.91,2
405,0.85,3
406,0.95,2
407,0.91,1
408,0.89,2
409,0.94,2
410,0.93,2
411,0.97,1
412,0.96,1
413,0.97,1
414,0.98,1
415,0.98,1
416,0.97,1
417,0.84,4
418,0.95,2
419,0.91,1
420,0.84,2
421,0.89,2
422,0.84,4
423,0.89,2
424,0.9,2
425,0.86,3
426,0.9,3
427,0.96,1
428,0.77,7
429,0.86,4
430,0.98,1
431,0.91,2
432,0.92,2
433,0.93,2
434,0.94,1
435,0.93,2
436,0.9,2
437,0.85,2
438,0.97,1
439,0.89,1
440,0.9,2
441,0.94,1
442,0.99,1
443,0.89,3
444,0.93,3
445,0.91,2
446,0.95,1
447,0.96,1
448,0.98,1
449,0.99,1
450,0.96,1
451,0.98,1
452,0.98,1
453,0.96,1
454,0.97,1
455,0.97,1
456,0.83,4
457,0.94,1
458,0.93,1
459,0.89,2
460,0.82,2
461,0.84,4
462,0.88,4
463,0.94,2
464,0.89,2
465,0.93,1
466,0.96,1
467,0.93,1
468,0.89,2
469,0.9,1
470,0.92,1
471,0.86,2
472,0.83,2
473,0.89,2
474,0.94,2
475,0.91,1
476,0.97,1
477,0.95,1
478,0.95,2
479,0.9,2
480,0.96,1
481,0.82,2
482,0.86,2
483,0.83,3
484,0.85,2
485,0.84,2
486,0.85,2
487,0.87,1
488,0.86,3
489,0.93,1
490,0.89,1
491,0.89,1
492,0.92,2
493,0.83,6
494,0.87,2
495,0.63,28
496,0.83,5
497,0.95,1
498,0.89,2
499,0.82,2
500,0.97,1
501,0.93,1
502,0.88,2
503,0.93,4
504,0.96,1
505,0.92,1
506,0.86,2
507,0.89,2
508,0.89,2
509,0.84,2
510,0.79,3
511,0.89,2
512,0.93,1
513,0.83,4
514,0.9,1
515,0.89,2
516,0.93,2
517,0.97,1
518,0.92,1
519,0.96,1
520,0.92,1
521,0.91,3
522,0.98,1
523,0.97,1
524,0.98,1
525,0.9,1
526,0.92,2
527,0.98,1
528,0.99,1
529,0.98,1
530,0.95,1
531,0.97,1
532,0.95,1
533,0.89,1
534,0.94,2
535,0.98,1
536,0.96,1
537,0.84,3
538,0.95,1
539,0.9,2
540,0.91,1
541,0.92,2
542,0.83,2
543,0.86,2
544,0.92,1
545,0.92,2
546,0.53,12
547,0.04,85
548,0.84,12
549,0.97,1
550,0.89,1
551,0.93,1
552,0.93,2
553,0.97,1
554,0.92,3
555,0.88,1
556,0.99,1
557,0.93,1
558,0.89,2
559,0.89,3
560,0.47,21
561,0.8,3
562,0.96,1
563,0.33,45
564,0.74,7
565,0.9,2
566,0.95,1
567,0.96,2
568,0.85,2
569,0.82,3
570,0.89,3
571,0.91,2
572,0.9,3
573,0.86,2
574,0.93,1
575,0.88,5
576,0.9,2
577,0.94,1
578,0.85,3
579,0.24,24
580,0.19,51
581,0.12,36
582,0.01,94
583,0.4,43
584,0.71,6
585,0.81,2
586,0.71,7
587,0.58,21
588,0.42,24
589,0.06,58
590,0.36,58
591,0.84,3
592,0.93,1
593,0.26,37
594,0.03,93
595,0.58,11
596,0.92,1
597,0.99,1
598,0.95,1
599,0.95,1
600,0.96,1
601,0.86,2
602,0.47,8
603,0.1,77
604,0.0,100
605,0.01,61
606,0.0,100
607,0.16,40
608,0.23,20
609,0.13,50
610,0.89,1
611,0.1,66
612,0.18,46
613,0.27,64
614,0.2,34
615,0.81,4
616,0.92,2
617,0.54,41
618,0.0,100
619,0.39,53
620,0.9,2
621,0.95,1
622,0.91,3
623,0.94,2
624,0.92,1
625,0.38,42
626,0.88,3
627,0.99,1
628,1.0,0
629,0.92,1
630,0.97,1
631,0.58,18
632,0.89,3
633,0.98,1
634,0.92,2
635,0.89,2
636,0.94,1
637,0.69,11
638,0.94,1
639,0.94,2
640,0.94,2
641,0.95,1
642,0.97,1
643,0.9,2
644,0.94,2
645,0.87,2
646,0.91,2
647,0.96,1
648,0.94,2
649,0.9,1
650,0.95,1
651,0.95,2
652,0.95,1
653,0.87,4
654,0.99,1
655,0.96,2
656,0.97,1
657,0.96,2
658,1.0,0
659,0.97,2
660,0.93,1
661,0.88,3
662,0.9,2
663,0.88,1
664,0.97,1
665,0.97,2
666,0.94,1
667,0.92,2
668,0.96,1
669,0.85,2
670,0.98,1
671,0.98,1
672,0.9,1
673,0.82,3
674,0.89,2
675,0.91,2
676,0.88,1
677,0.9,1
678,0.93,2
679,0.98,1
680,0.99,1
681,1.0,0
682,0.98,1
683,0.98,1
684,0.98,1
685,0.96,2
686,0.99,1
687,0.96,2
688,0.92,1
689,0.93,2
690,0.89,2
691,0.9,1
692,0.9,2
693,0.87,1
694,0.91,2
695,0.9,1
696,0.9,1
697,0.88,2
698,0.94,1
699,0.88,1
700,0.97,1
701,0.95,1
702,0.95,1
703,0.92,2
704,0.97,1
705,0.92,2
706,0.97,1
707,0.98,1
708,0.97,1
709,0.91,1
710,0.94,2
711,0.92,2
712,0.97,1
713,0.92,2
714,0.96,1
715,0.95,3
716,0.96,2
717,0.96,1
718,0.98,1
719,0.92,2
720,0.97,1
721,0.98,1
722,0.95,1
723,0.97,1
724,0.91,1
725,0.95,1
726,0.87,3
727,0.96,1
728,0.98,1
729,0.98,1
730,0.99,1
731,0.96,1
732,0.96,1
733,0.92,2
734,0.93,1
735,0.95,1
736,0.93,1
737,0.91,1
738,0.92,2
739,0.97,1
740,0.99,1
741,0.92,1
742,0.88,1
743,0.96,1
744,0.99,1
745,0.97,1
746,0.89,2
747,0.9,2
748,0.86,3
749,0.95,1
750,0.91,2
751,0.99,1
752,0.95,1
753,0.88,3
754,0.95,1
755,0.86,2
756,0.93,4
757,0.87,3
758,0.92,2
759,0.95,1
760,0.88,2
761,0.93,1
762,0.94,1
763,1.0,0
764,0.96,1
765,0.87,3
766,0.98,1
767,0.9,3
768,0.94,1
769,0.99,1
770,0.96,1
771,0.94,1
772,0.99,1
773,1.0,0
774,0.96,2
775,0.95,1
776,1.0,0
777,0.97,1
778,0.83,2
779,0.94,1
780,0.92,2
781,0.96,1
782,0.95,2
783,0.94,1
784,0.91,2
785,0.96,1
786,0.94,2
787,0.95,1
788,0.96,1
789,0.95,1
790,0.81,4
791,0.89,3
792,0.87,1
793,0.93,1
794,0.85,2
795,0.93,1
796,0.94,2
797,0.97,1
798,0.93,1
799,0.93,1
800,0.96,1
801,0.96,1
802,0.91,2
803,1.0,0
804,0.99,1
805,0.96,2
806,0.98,1
807,0.93,2
808,0.96,1
809,0.97,2
810,0.98,1
811,0.97,1
812,0.99,1
813,0.97,3
814,0.96,1
815,0.99,1
816,0.95,1
817,0.96,2
818,0.96,1
819,1.0,0
820,0.98,1
821,0.96,1
822,0.97,1
823,0.97,1
824,0.91,3
825,0.88,1
826,0.94,2
827,0.89,2
828,0.97,1
829,0.97,1
830,0.94,2
831,0.96,1
832,0.99,1
833,0.97,1
834,0.9,2
835,0.93,1
836,0.97,1
837,0.99,1
838,0.92,5
839,0.88,4
840,0.99,1
841,0.98,1
842,0.93,3
843,0.91,3
844,1.0,0
845,0.96,1
846,0.94,2
847,0.91,2
848,0.95,1
849,0.89,2
850,0.97,1
851,0.94,1
852,0.96,1
853,0.9,2
854,0.89,3
855,0.91,1
856,0.94,2
857,0.87,3
858,0.89,2
859,0.96,1
860,0.95,1
861,0.89,2
862,0.97,1
863,0.93,1
864,0.9,3
865,0.97,1
866,0.9,2
867,0.92,1
868,0.86,2
869,0.88,3
870,0.94,1
871,0.97,1
872,0.91,2
873,1.0,0
874,0.95,2
875,0.96,1
876,0.99,1
877,0.96,1
878,0.97,1
879,0.99,1
880,0.9,1
881,0.89,2
882,0.89,2
883,0.94,2
884,0.89,2
885,0.87,3
886,0.94,2
887,0.94,1
888,0.94,1
889,0.95,2
890,0.81,3
891,0.87,3
892,0.82,2
893,0.95,2
894,0.84,2
895,0.87,2
896,0.85,2
897,0.93,2
898,0.87,2
899,0.9,3
900,0.96,1
901,0.91,1
902,0.81,2
903,0.85,3
904,0.82,2
905,0.86,2
906,0.98,1
907,0.87,2
908,0.91,2
909,0.91,2
910,0.97,2
911,0.92,1
912,0.94,1
913,0.94,1
914,0.95,1
915,0.89,2
916,0.83,3
917,0.8,2
918,0.85,3
919,0.86,2
920,0.87,2
921,0.95,1
922,0.92,2
923,0.95,1
924,0.95,1
925,0.77,4
926,0.96,1
927,0.91,1
928,0.85,2
929,0.79,3
930,0.89,3
931,0.8,2
932,0.87,1
933,0.82,2
934,0.79,3
935,0.84,2
936,0.98,1
937,1.0,0
938,0.9,3
939,0.82,2
940,0.83,2
941,0.92,2
942,0.82,3
943,0.92,1
944,0.93,2
945,0.91,2
946,0.96,3
947,0.94,1
948,0.86,2
949,0.94,1
950,0.85,4
951,0.89,4
952,0.94,1
953,0.91,2
954,0.87,3
955,0.82,14
956,0.91,2
957,0.53,40
958,0.36,33
959,0.88,2
960,0.97,1
961,0.67,21
962,0.0,100
963,0.87,6
964,0.59,22
965,0.86,2
966,0.86,2
967,0.84,4
968,0.32,53
969,0.0,100
970,0.2,78
971,0.9,2
972,0.89,1
973,0.38,54
974,0.68,9
975,0.86,2
976,0.84,4
977,0.9,2
978,0.9,3
979,0.37,40
980,0.91,3
981,0.84,2
982,0.87,2
983,0.88,2
984,0.92,1
985,0.96,1
986,0.83,2
987,0.97,1
988,0.1,84
989,0.14,42
990,0.74,9
991,0.83,3
992,0.71,3
993,0.82,3
994,0.88,1
995,0.93,1
996,0.92,1
997,0.9,1
998,0.96,1
999,0.93,2
1000,0.76,3
1001,0.78,3
1002,0.84,2
1003,0.71,19
1004,0.79,3
1005,0.54,29
1006,0.54,36
1007,0.48,46
1008,0.12,86
1009,0.23,48
1010,0.0,100
1011,0.0,100
1012,0.0,100
1013,0.0,100
1014,0.0,100
1015,0.8,18
1016,0.98,1
1017,0.91,1
1018,0.88,1
1019,0.87,1
1020,0.96,1
1021,0.94,1
1022,0.88,1
1023,0.89,1
1024,0.96,2
1025,0.51,44
1026,0.0,100
1027,0.1,67
1028,0.0,100
1029,0.0,100
1030,0.0,100
1031,0.0,100
1032,0.08,56
1033,0.0,100
1034,0.07,52
1035,0.6,8
1036,0.79,3
1037,0.82,2
1038,0.74,10
1039,0.86,2
1040,0.83,2
1041,0.8,2
1042,0.86,2
1043,0.86,2
1044,0.94,1
1045,0.88,2
1046,0.98,1
1047,0.98,1
1048,0.94,1
1049,0.94,2
1050,0.87,2
1051,0.84,2
1052,0.85,3
1053,0.8,3
1054,0.8,2
1055,0.84,2
1056,0.87,2
1057,0.86,1
1058,0.92,1
1059,0.95,2
1060,0.92,1
1061,0.89,3
1062,0.77,3
1063,0.76,4
1064,0.82,2
1065,0.81,3
1066,0.76,5
1067,0.86,3
1068,0.84,2
1069,0.91,1
1070,0.9,1
1071,0.91,1
1072,0.94,1
1073,0.94,1
1074,0.92,2
1075,0.82,2
1076,0.79,3
1077,0.93,3
1078,0.92,2
1079,0.94,2
1080,0.89,2
1081,0.98,1
1082,0.89,2
1083,0.96,1
1084,0.93,1
1085,0.94,2
1086,0.93,2
1087,0.94,2
1088,0.91,2
1089,0.98,1
1090,0.95,1
1091,0.91,1
1092,0.83,2
1093,0.94,1
1094,0.97,1
1095,0.92,1
1096,0.97,1
1097,0.92,1
1098,0.91,1
1099,0.86,3
1100,0.88,1
1101,0.92,2
1102,0.91,1
1103,0.87,1
1104,0.78,3
1105,0.85,2
1106,0.89,2
1107,0.92,1
1108,0.91,1
1109,0.92,3
1110,0.88,2
1111,0.84,2
1112,0.81,2
1113,0.76,4
1114,0.82,2
1115,0.77,2
1116,0.79,3
1117,0.86,3
1118,0.58,16
1119,0.84,5
1120,0.91,2
1121,0.93,1
1122,0.88,3
1123,0.41,15
1124,0.38,26
1125,0.34,23
1126,0.35,23
1127,0.05,78
1128,0.48,34
1129,0.7,8
1130,0.46,25
1131,0.69,4
1132,0.35,9
1133,0.16,19
1134,0.33,42
1135,0.92,1
1136,0.73,8
1137,0.23,28
1138,0.29,28
1139,0.34,30
1140,0.51,7
1141,0.31,17
1142,0.4,11
1143,0.72,4
1144,0.89,2
1145,0.91,1
1146,0.92,2
1147,0.83,4
1148,0.58,13
1149,0.26,19
1150,0.61,28
1151,0.83,4
1152,0.88,2
1153,0.89,1
1154,0.86,3
1155,0.9,2
1156,0.87,2
1157,0.59,12
1158,0.95,1
1159,0.99,1
1160,0.94,2
1161,0.92,2
1162,0.9,2
1163,0.87,2
1164,0.74,5
1165,0.65,11
1166,0.86,2
1167,0.94,1
1168,0.88,2
1169,0.94,1
1170,0.88,4
1171,0.9,3
1172,0.89,2
1173,0.94,1
1174,0.95,2
1175,0.87,3
1176,0.93,1
1177,0.88,2
1178,0.94,2
1179,0.9,2
1180,0.93,1
1181,0.8,2
1182,0.88,2
1183,0.93,1
1184,0.9,1
1185,0.98,1
1186,0.92,1
1187,0.92,1
1188,0.91,2
1189,0.85,2
1190,0.84,2
1191,0.88,2
1192,0.85,2
1193,0.86,3
1194,0.83,3
1195,0.89,1
1196,0.92,1
1197,0.91,2
1198,0.96,1
1199,0.91,1
1200,0.98,1
1201,0.93,2
1202,0.89,4
1203,0.82,3
1204,0.88,2
1205,0.87,2
1206,0.86,2
1207,0.92,1
1208,0.92,1
1209,0.88,2
1210,0.92,1
1211,0.78,3
1212,0.95,1
1213,0.9,2
1214,0.83,2
1215,0.92,2
1216,0.87,3
1217,0.65,14
1218,0.88,3
1219,0.8,6
1220,0.87,2
1221,0.77,5
1222,0.82,8
1223,0.54,32
1224,0.83,5
1225,0.78,8
1226,0.92,2
1227,0.9,3
1228,0.85,3
1229,0.68,8
1230,0.38,19
1231,0.88,1
1232,0.89,5
1233,0.79,4
1234,0.9,2
1235,0.92,1
1236,0.88,4
1237,0.89,2
1238,0.84,4
1239,0.67,12
1240,0.78,9
1241,0.86,2
1242,0.87,4
1243,0.87,2
1244,0.84,2
1245,0.94,2
1246,0.93,1
1247,0.91,2
1248,0.91,2
1249,0.87,3
1250,0.9,2
1251,0.99,1
1252,0.91,1
1253,0.91,1
1254,0.9,2
1255,0.83,5
1256,0.94,2
1257,0.84,2
1258,0.87,3
1259,0.91,1
1260,0.91,1
1261,0.93,1
1262,0.84,3
1263,0.91,1
1264,0.89,3
1265,0.88,3
1266,0.84,2
1267,0.9,1
1268,0.94,1
1269,0.93,2
1270,0.87,2
1271,0.88,2
1272,0.88,2
1273,0.88,1
1274,0.93,2
1275,0.91,1
1276,0.93,2
1277,0.95,2
1278,0.84,2
1279,0.87,3
1280,0.91,2
1281,0.88,3
1282,0.94,2
1283,0.9,1
1284,0.85,2
1285,0.92,2
1286,0.9,1
1287,0.95,1
1288,0.86,2
1289,0.91,2
1290,0.89,1
1291,0.83,3
1292,0.84,2
1293,0.92,1
1294,0.95,2
1295,0.97,1
1296,0.89,2
1297,0.94,1
1298,0.88,2
1299,0.88,1
1300,0.92,2
1301,0.94,2
1302,0.96,1
1303,0.89,4
1304,0.92,2
1305,0.82,3
1306,0.88,2
1307,0.86,2
1308,0.91,2
1309,0.88,3
1310,0.89,2
1311,0.91,2
1312,0.93,2
1313,0.86,2
1314,0.87,1
1315,1.0,0
1316,0.89,3
1317,0.83,2
1318,0.88,2
1319,0.85,3
1320,0.93,2
1321,0.85,2
1322,0.81,3
1323,0.86,2
1324,0.9,1
1325,0.86,2
1326,0.91,2
1327,0.92,1
1328,1.0,0
1329,0.87,2
1330,0.92,2
1331,0.85,2
1332,0.85,2
1333,0.94,1
1334,0.83,2
1335,0.85,2
1336,0.91,2
1337,0.87,2
1338,0.9,2
1339,0.94,1
1340,0.89,1
1341,0.94,1
1342,0.9,1
1343,0.93,2
1344,0.88,2
1345,0.92,2
1346,0.87,3
1347,0.97,2
1348,0.89,2
1349,0.85,1
1350,0.92,1
1351,0.89,1
1352,0.87,1
1353,0.88,1
1354,0.95,1
1355,0.92,2
1356,0.9,2
1357,0.87,2
1358,0.86,2
1359,0.86,2
1360,0.9,2
1361,0.89,1
1362,0.95,1
1363,0.9,2
1364,0.92,2
1365,0.93,2
1366,0.96,1
1367,0.87,2
1368,0.86,2
1369,0.82,2
1370,0.85,4
1371,0.86,2
1372,0.81,3
1373,0.76,3
1374,0.88,2
1375,0.88,2
1376,0.89,2
1377,0.83,3
1378,0.93,1
1379,0.92,1
1380,0.83,1
1381,0.93,2
1382,0.87,2
1383,0.93,1
1384,0.88,3
1385,0.79,3
1386,0.81,3
1387,0.9,1
1388,0.88,1
1389,0.91,1
1390,0.9,1
1391,0.88,1
1392,0.9,1
1393,0.89,1
1394,0.89,1
1395,0.9,1
1396,0.97,1
1397,0.91,2
1398,0.89,1
1399,0.91,1
1400,0.93,1
1401,0.89,1
1402,0.89,1
1403,0.87,1
1404,0.87,2
1405,0.91,1
1406,0.89,1
1407,0.87,1
1408,0.91,1
1409,0.95,1
1410,0.92,1
1411,0.91,1
1412,0.95,1
1413,0.9,3
1414,0.82,2
1415,0.91,3
1416,0.85,2
1417,0.96,1
1418,0.92,1
1419,0.8,2
1420,0.88,3
1421,0.91,1
1422,0.9,2
1423,0.88,1
1424,0.9,1
1425,0.91,1
1426,0.87,2
1427,0.89,3
1428,0.95,1
1429,0.83,3
1430,0.92,2
1431,0.95,1
1432,0.89,3
1433,0.86,2
1434,0.95,1
1435,0.75,6
1436,0.95,2
1437,0.87,2
1438,0.88,2
1439,0.89,1
1440,0.91,2
1441,0.91,2
1442,0.93,1
1443,0.97,1
1444,0.96,1
1445,0.93,2
1446,0.85,1
1447,0.87,4
1448,0.86,2
1449,0.95,2
1450,0.9,2
1451,0.94,1
1452,0.92,1
1453,0.95,2
1454,0.88,2
1455,0.89,2
1456,0.93,1
1457,0.87,1
1458,0.93,1
1459,0.9,1
1460,0.89,1
1461,0.92,1
1462,0.92,1
1463,0.93,2
1464,0.88,2
1465,0.88,1
1466,0.91,1
1467,0.88,2
1468,0.88,3
1469,0.87,2
1470,0.9,1
1471,0.86,2
1472,0.88,2
1473,0.92,1
1474,0.89,2
1475,0.92,2
1476,0.89,2
1477,0.88,1
1478,0.85,3
1479,0.92,1
1480,0.92,1
1481,0.9,1
1482,0.89,2
1483,0.88,1
1484,0.94,1
1485,0.9,2
1486,0.9,2
1487,0.91,1
1488,0.94,1
1489,0.94,1
1490,0.87,1
1491,0.89,2
1492,0.94,1
1493,0.93,2
1494,0.87,2
1495,0.88,1
1496,0.9,1
1497,0.89,1
1498,0.9,1
1499,0.87,1
1500,0.89,1
1501,0.87,1
1502,0.89,2
1503,0.88,1
1504,0.89,1
1505,0.86,1
1506,0.87,1
1507,0.74,15
1508,0.88,1
1509,0.67,19
1510,0.88,1
1511,0.87,2
1512,0.87,2
1513,0.86,1
1514,0.87,1
1515,0.89,1
1516,0.88,2
1517,0.87,1
1518,0.89,1
1519,0.9,1
1520,0.88,1
1521,0.88,2
1522,0.91,1
1523,0.89,1
1524,0.92,1
1525,0.9,2
1526,0.93,1
1527,0.98,1
1528,0.88,2
1529,0.9,1
1530,0.98,1
1531,0.96,1
1532,0.96,1
1533,0.95,1
1534,0.96,1
1535,0.98,1
1536,0.94,1
1537,0.91,1
1538,0.88,1
1539,0.87,2
1540,0.9,1
1541,0.94,3
1542,0.89,2
1543,0.91,1
1544,0.99,1
1545,0.93,1
1546,0.97,1
1547,0.93,2
1548,0.96,1
1549,0.9,1
1550,0.97,1
1551,0.85,2
1552,0.91,1
1553,0.93,1
1554,0.85,2
1555,0.92,1
1556,0.96,2
1557,0.83,2
1558,0.92,1
1559,0.92,2
1560,0.97,1
1561,0.97,1
1562,0.91,1
1563,0.92,2
1564,0.93,2
1565,0.92,1
1566,0.9,1
1567,0.97,1
1568,0.99,1
1569,0.91,2
1570,0.87,2
1571,0.89,2
1572,0.94,1
1573,0.78,3
1574,0.63,6
1575,0.22,21
1576,0.18,44
1577,0.13,31
1578,0.83,5
1579,0.93,1
1580,0.94,1
1581,0.9,3
1582,0.9,3
1583,0.97,1
1584,0.92,1
1585,0.91,2
1586,0.87,1
1587,0.82,3
1588,0.93,2
1589,0.91,1
1590,0.73,5
1591,0.46,32
1592,0.2,20
1593,0.42,20
1594,0.21,55
1595,0.9,1
1596,0.82,8
1597,0.88,2
1598,0.91,1
1599,0.93,2
1600,0.87,2
1601,0.91,1
1602,0.91,1
1603,0.91,3
1604,0.71,4
1605,0.65,9
1606,0.2,25
1607,0.79,6
1608,0.77,3
1609,0.14,32
1610,0.07,36
1611,0.28,22
1612,0.21,25
1613,0.58,13
1614,0.85,2
1615,0.42,41
1616,0.0,100
1617,0.41,34
1618,0.84,4
1619,0.91,1
1620,0.91,2
1621,0.57,17
1622,0.33,40
1623,0.32,14
1624,0.06,56
1625,0.02,63
1626,0.19,56
1627,0.46,18
1628,0.1,38
1629,0.24,52
1630,0.81,4
1631,0.11,87
1632,0.22,78
1633,0.95,1
1634,0.9,3
1635,0.77,5
1636,0.89,1
1637,0.97,1
1638,0.78,11
1639,0.96,1
1640,0.98,1
1641,0.82,2
1642,0.88,3
1643,0.89,2
1644,0.81,4
1645,0.41,18
1646,0.8,5
1647,0.86,2
1648,0.89,2
1649,0.92,1
1650,0.87,2
1651,0.92,1
1652,0.91,2
1653,0.89,1
1654,0.87,2
1655,0.97,1
1656,0.89,1
1657,0.91,1
1658,0.88,3
1659,0.92,2
1660,0.86,2
1661,0.91,1
1662,0.87,2
1663,0.9,2
1664,0.96,2
1665,0.89,1
1666,0.87,1
1667,0.89,2
1668,0.95,1
1669,0.91,2
1670,0.9,2
1671,0.9,1
1672,0.92,1
1673,0.79,4
1674,0.85,1
1675,0.87,1
1676,0.94,1
1677,0.95,2
1678,0.86,2
1679,0.65,10
1680,0.17,57
1681,0.85,3
1682,0.95,1
1683,0.98,1
1684,0.87,1
1685,0.88,4
1686,0.89,1
1687,0.96,1
1688,0.94,2
1689,0.88,2
1690,0.95,1
1691,0.87,3
1692,0.97,1
1693,0.93,2
1694,0.94,1
1695,0.91,2
1696,0.95,1
1697,0.88,1
1698,0.96,1
1699,0.92,2
1700,0.81,4
1701,0.97,1
1702,0.93,2
1703,0.98,1
1704,0.82,4
1705,0.9,3
1706,0.94,1
1707,0.87,2
1708,0.94,1
1709,0.9,2
1710,0.94,1
1711,0.93,2
1712,0.88,4
1713,0.95,1
1714,0.96,1
1715,0.88,3
1716,0.88,2
1717,0.89,1
1718,0.96,1
1719,0.9,2
1720,0.87,3
1721,0.9,1
1722,0.9,2
1723,0.93,2
1724,0.94,1
1725,0.86,3
1726,0.88,2
1727,0.95,1
1728,0.93,2
1729,0.9,2
1730,0.89,2
1731,0.85,2
1732,0.89,1
1733,0.89,2
1734,0.85,3
1735,0.95,1
1736,0.88,1
1737,0.85,1
1738,0.88,1
1739,0.91,2
1740,0.92,2
1741,0.89,4
1742,0.85,4
1743,0.96,1
1744,0.92,2
1745,0.83,2
1746,0.92,1
1747,0.89,2
1748,0.95,1
1749,0.92,2
1750,0.96,1
1751,0.89,2
1752,0.91,2
1753,0.91,2
1754,0.93,2
1755,0.97,1
1756,0.93,1
1757,0.89,1
1758,0.9,1
1759,0.9,2
1760,0.95,1
1761,0.93,2
1762,0.97,1
1763,0.88,2
1764,0.89,1
1765,0.92,2
1766,0.91,1
1767,0.87,2
1768,0.83,3
1769,0.88,2
1770,0.93,1
1771,0.89,2
1772,0.9,1
1773,0.95,1
1774,0.88,2
1775,0.88,1
1776,0.93,1
1777,0.93,1
1778,0.86,1
1779,0.9,1
1780,0.9,5
1781,0.97,1
1782,0.95,1
1783,0.98,1
1784,0.91,2
1785,0.87,2
1786,0.9,1
1787,0.93,1
1788,0.89,1
1789,0.97,1
1790,0.9,1
1791,0.92,1
1792,0.88,2
1793,0.92,2
1794,0.93,2
1795,0.97,1
1796,0.98,1
1797,0.89,2
1798,0.84,2
1799,0.95,1
1800,0.9,2
1801,0.92,1
1802,0.92,1
1803,0.86,1
1804,0.95,2
1805,0.96,1
1806,0.87,3
1807,0.88,1
1808,0.91,2
1809,0.86,3
1810,0.92,3
1811,0.85,2
1812,0.86,3
1813,0.89,1
1814,0.92,1
1815,0.89,1
1816,0.95,1
1817,0.89,1
1818,0.92,2
1819,0.87,3
1820,0.9,1
1821,0.93,1
1822,0.95,1
1823,0.95,1
1824,0.93,1
1825,0.94,1
1826,0.87,2
1827,0.89,2
1828,0.87,3
1829,0.89,2
1830,0.94,1
1831,0.88,1
1832,0.97,1
1833,0.93,1
1834,0.88,2
1835,0.93,2
1836,0.84,3
1837,0.93,2
1838,0.94,1
1839,0.92,1
1840,0.88,2
1841,0.96,2
1842,0.92,1
1843,0.91,1
1844,0.87,2
1845,0.94,2
1846,0.98,1
1847,0.9,1
1848,0.91,2
1849,0.94,1
1850,0.93,1
1851,0.94,2
1852,0.92,1
1853,0.91,1
1854,0.9,1
1855,0.92,1
1856,0.95,1
1857,0.85,2
1858,0.93,2
1859,0.97,1
1860,0.83,2
1861,0.92,2
1862,0.96,1
1863,0.94,1
1864,0.93,3
1865,0.83,3
1866,0.94,1
1867,0.94,2
1868,0.95,1
1869,0.86,2
1870,0.92,1
1871,0.89,1
1872,0.97,1
1873,0.89,1
1874,0.96,1
1875,0.96,1
1876,0.87,2
1877,0.97,1
1878,0.89,3
1879,0.89,2
1880,0.99,1
1881,0.99,1
1882,0.87,2
1883,0.86,1
1884,0.86,1
1885,0.89,1
1886,0.95,1
1887,0.93,1
1888,0.92,1
1889,0.96,1
1890,0.91,4
1891,0.94,1
1892,0.9,1
1893,1.0,0
1894,0.97,1
1895,0.96,1
1896,0.93,1
1897,0.95,1
1898,0.96,2
1899,0.9,1
1900,0.98,1
1901,0.86,2
1902,0.89,1
1903,0.94,2
1904,0.97,1
1905,0.9,2
1906,0.91,1
1907,0.86,3
1908,0.94,2
1909,0.91,2
1910,0.93,1
1911,0.92,3
1912,0.98,1
1913,0.89,1
1914,0.9,1
1915,0.9,1
1916,0.89,3
1917,0.9,1
1918,0.89,1
1919,0.92,1
1920,0.91,1
1921,0.87,1
1922,0.93,2
1923,0.95,1
1924,0.94,2
1925,0.9,2
1926,0.89,1
1927,0.89,1
1928,0.9,1
1929,0.89,1
1930,0.85,2
1931,0.9,1
1932,0.94,1
1933,0.94,1
1934,0.91,1
1935,0.93,2
1936,0.9,2
1937,0.95,1
1938,0.93,2
1939,0.84,1
1940,0.89,1
1941,0.9,1
1942,0.95,1
1943,0.93,2
1944,0.93,2
1945,0.95,1
1946,0.93,1
1947,0.94,2
1948,0.88,1
1949,0.94,1
1950,0.93,2
1951,0.94,2
1952,0.8,3
1953,0.86,2
1954,0.88,1
1955,0.93,1
1956,0.93,1
1957,0.97,1
1958,0.95,1
1959,0.87,1
1960,0.89,1
1961,0.91,1
1962,0.94,1
1963,0.84,2
1964,0.98,1
1965,0.84,3
1966,0.94,1
1967,0.92,1
1968,0.89,1
1969,0.87,1
1970,0.88,1
1971,0.88,1
1972,0.89,2
1973,0.86,3
1974,0.97,1
1975,0.9,1
1976,0.85,2
1977,0.89,1
1978,0.88,2
1979,0.89,2
1980,0.99,1
1981,0.99,1
1982,0.85,2
1983,0.96,1
1984,0.97,1
1985,0.92,2
1986,0.89,2
1987,0.87,3
1988,0.89,1
1989,0.91,2
1990,0.9,1
1991,0.9,1
1992,0.9,2
1993,0.97,1
1994,0.86,3
1995,0.91,1
1996,0.92,2
1997,0.95,1
1998,0.91,2
1999,0.89,2
2000,0.96,1
2001,0.9,2
2002,0.87,1
2003,0.9,1
2004,0.94,1
2005,0.68,10
2006,0.18,70
2007,0.64,20
2008,0.93,2
2009,0.9,1
2010,0.93,1
2011,0.91,1
2012,0.9,1
2013,0.9,3
2014,0.96,1
2015,0.92,1
2016,0.88,2
2017,0.92,1
2018,0.89,2
2019,0.93,1
2020,0.92,2
2021,0.89,1
2022,0.92,2
2023,0.87,1
2024,0.97,1
2025,0.89,1
2026,0.85,2
2027,0.95,2
2028,0.94,1
2029,0.91,1
2030,0.9,1
2031,0.88,1
2032,0.93,1
2033,0.91,2
2034,0.67,7
2035,0.55,40
2036,0.75,8
2037,0.02,96
2038,0.35,34
2039,0.66,8
2040,0.9,2
2041,0.96,2
2042,0.88,1
2043,0.9,1
2044,0.94,1
2045,0.89,1
2046,0.97,1
2047,0.99,1
2048,0.89,2
2049,0.92,2
2050,0.97,1
2051,0.91,3
2052,0.88,1
2053,0.95,1
2054,0.87,2
2055,0.85,2
2056,0.99,1
2057,0.92,1
2058,0.87,2
2059,0.9,2
2060,0.93,2
2061,0.86,1
2062,0.94,2
2063,0.92,1
2064,0.93,2
2065,0.89,1
2066,0.89,1
2067,0.95,1
2068,0.93,2
2069,0.9,1
2070,0.95,1
2071,0.89,1
2072,0.9,1
2073,0.89,2
2074,0.88,1
2075,0.85,4
2076,0.88,2
2077,0.97,1
2078,0.83,4
2079,0.99,1
2080,0.85,3
2081,0.91,2
2082,0.92,1
2083,0.87,2
2084,0.89,1
2085,0.92,1
2086,0.94,1
2087,0.94,1
2088,0.85,2
2089,0.87,3
2090,0.94,1
2091,0.81,2
2092,0.93,1
2093,0.93,1
2094,0.89,1
2095,0.89,1
2096,0.88,2
2097,0.86,2
2098,0.9194,1
