window_idx,pdr_hat,b_hat,pdr_cell,b_cell,region
0,0.88,1,0.85,2,grid
1,0.92,1,0.85,2,grid
2,0.91,1,0.85,2,grid
3,0.9,2,0.85,2,grid
4,0.91,4,0.85,5,grid
5,0.92,2,0.85,2,grid
6,0.93,2,0.85,2,grid
7,0.92,3,0.85,3,grid
8,0.88,2,0.85,2,grid
9,0.88,2,0.85,2,grid
10,0.9,1,0.85,2,grid
11,0.97,2,0.95,2,grid
12,0.88,2,0.85,2,grid
13,0.91,2,0.85,2,grid
14,0.83,2,0.75,2,grid
15,0.91,1,0.85,2,grid
16,0.94,2,0.85,2,grid
17,0.96,1,0.95,2,grid
18,0.94,1,0.85,2,grid
19,0.95,1,0.95,2,grid
20,0.91,1,0.85,2,grid
21,0.89,1,0.85,2,grid
22,0.81,2,0.75,2,grid
23,0.95,1,0.95,2,grid
24,0.87,2,0.85,2,grid
25,0.91,1,0.85,2,grid
26,0.91,1,0.85,2,grid
27,0.95,1,0.95,2,grid
28,0.83,2,0.75,2,grid
29,0.93,1,0.85,2,grid
30,0.93,2,0.85,2,grid
31,0.9,3,0.85,3,grid
32,0.87,4,0.85,5,grid
33,0.91,2,0.85,2,grid
34,0.95,2,0.95,2,grid
35,0.83,3,0.75,3,grid
36,0.79,2,0.75,2,grid
37,0.77,2,0.75,2,grid
38,0.77,4,0.75,5,grid
39,0.8,5,0.75,5,grid
40,0.86,5,0.85,5,grid
41,0.92,2,0.85,2,grid
42,0.98,1,0.95,2,grid
43,0.9,1,0.85,2,grid
44,0.85,2,0.85,2,grid
45,0.87,2,0.85,2,grid
46,0.81,3,0.75,3,grid
47,0.81,3,0.75,3,grid
48,0.8,3,0.75,3,grid
49,0.8,3,0.75,3,grid
50,0.84,2,0.75,2,grid
51,0.84,2,0.75,2,grid
52,0.87,3,0.85,3,grid
53,0.76,3,0.75,3,grid
54,0.93,1,0.85,2,grid
55,0.97,1,0.95,2,grid
56,0.95,2,0.95,2,grid
57,0.97,2,0.95,2,grid
58,0.84,2,0.75,2,grid
59,0.8,2,0.75,2,grid
60,0.73,3,0.65,3,grid
61,0.88,2,0.85,2,grid
62,0.88,3,0.85,3,grid
63,0.91,2,0.85,2,grid
64,0.92,1,0.85,2,grid
65,0.94,1,0.85,2,grid
66,0.94,1,0.85,2,grid
67,0.93,1,0.85,2,grid
68,0.97,1,0.95,2,grid
69,0.87,2,0.85,2,grid
70,0.81,3,0.75,3,grid
71,0.92,1,0.85,2,grid
72,0.78,4,0.75,5,grid
73,0.94,1,0.85,2,grid
74,0.98,1,0.95,2,grid
75,0.94,1,0.85,2,grid
76,0.81,2,0.75,2,grid
77,0.9,3,0.85,3,grid
78,0.86,3,0.85,3,grid
79,0.9,1,0.85,2,grid
80,0.83,2,0.75,2,grid
81,0.85,2,0.85,2,grid
82,0.88,2,0.85,2,grid
83,0.85,2,0.85,2,grid
84,0.99,1,0.95,2,grid
85,1.0,0,0.95,2,grid
86,0.97,1,0.95,2,grid
87,0.92,1,0.85,2,grid
88,0.94,2,0.85,2,grid
89,0.9,2,0.85,2,grid
90,0.93,1,0.85,2,grid
91,0.91,1,0.85,2,grid
92,0.91,1,0.85,2,grid
93,0.88,1,0.85,2,grid
94,0.92,1,0.85,2,grid
95,0.88,1,0.85,2,grid
96,0.86,1,0.85,2,grid
97,0.95,1,0.95,2,grid
98,0.96,2,0.95,2,grid
99,0.94,1,0.85,2,grid
100,0.9,2,0.85,2,grid
101,0.77,3,0.75,3,grid
102,0.91,1,0.85,2,grid
103,0.94,2,0.85,2,grid
104,0.91,3,0.85,3,grid
105,0.89,2,0.85,2,grid
106,0.82,5,0.75,5,grid
107,0.87,3,0.85,3,grid
108,0.8,3,0.75,3,grid
109,0.87,2,0.85,2,grid
110,0.88,2,0.85,2,grid
111,0.84,2,0.75,2,grid
112,0.79,2,0.75,2,grid
113,0.82,2,0.75,2,grid
114,0.93,2,0.85,2,grid
115,0.95,1,0.95,2,grid
116,0.87,2,0.85,2,grid
117,0.86,2,0.85,2,grid
118,0.78,4,0.75,5,grid
119,0.86,2,0.85,2,grid
120,0.73,4,0.65,5,grid
121,0.85,3,0.85,3,grid
122,0.84,3,0.75,3,grid
123,0.88,2,0.85,2,grid
124,0.94,2,0.85,2,grid
125,0.8,2,0.75,2,grid
126,0.89,1,0.85,2,grid
127,0.97,1,0.95,2,grid
128,0.9,2,0.85,2,grid
129,0.9,2,0.85,2,grid
130,0.94,2,0.85,2,grid
131,0.86,2,0.85,2,grid
132,0.84,2,0.75,2,grid
133,0.88,3,0.85,3,grid
134,0.84,2,0.75,2,grid
135,0.86,2,0.85,2,grid
136,0.83,2,0.75,2,grid
137,0.83,2,0.75,2,grid
138,0.86,2,0.85,2,grid
139,0.95,1,0.95,2,grid
140,0.97,1,0.95,2,grid
141,0.92,2,0.85,2,grid
142,0.93,2,0.85,2,grid
143,0.72,2,0.65,2,grid
144,0.8,3,0.75,3,grid
145,0.86,2,0.85,2,grid
146,0.74,4,0.65,5,grid
147,0.84,3,0.75,3,grid
148,0.8,3,0.75,3,grid
149,0.85,2,0.85,2,grid
150,0.87,3,0.85,3,grid
151,0.92,1,0.85,2,grid
152,0.93,2,0.85,2,grid
153,0.91,1,0.85,2,grid
154,0.83,3,0.75,3,grid
155,0.82,2,0.75,2,grid
156,0.85,2,0.85,2,grid
157,0.85,3,0.85,3,grid
158,0.77,4,0.75,5,grid
159,0.8,3,0.75,3,grid
160,0.81,3,0.75,3,grid
161,0.85,2,0.85,2,grid
162,0.81,2,0.75,2,grid
163,0.9,1,0.85,2,grid
164,0.94,2,0.85,2,grid
165,0.99,1,0.95,2,grid
166,0.97,1,0.95,2,grid
167,0.85,2,0.85,2,grid
168,0.79,2,0.75,2,grid
169,0.84,2,0.75,2,grid
170,0.79,3,0.75,3,grid
171,0.86,2,0.85,2,grid
172,0.68,6,0.65,10,grid
173,0.81,2,0.75,2,grid
174,0.85,1,0.85,2,grid
175,0.8,3,0.75,3,grid
176,0.93,1,0.85,2,grid
177,0.91,1,0.85,2,grid
178,0.91,1,0.85,2,grid
179,0.84,5,0.75,5,grid
180,0.87,3,0.85,3,grid
181,0.89,4,0.85,5,grid
182,0.91,2,0.85,2,grid
183,0.87,1,0.85,2,grid
184,0.83,2,0.75,2,grid
185,0.87,1,0.85,2,grid
186,0.85,2,0.85,2,grid
187,0.98,1,0.95,2,grid
188,0.91,1,0.85,2,grid
189,0.93,2,0.85,2,grid
190,0.94,1,0.85,2,grid
191,0.95,2,0.95,2,grid
192,0.95,1,0.95,2,grid
193,0.77,2,0.75,2,grid
194,0.98,1,0.95,2,grid
195,0.92,1,0.85,2,grid
196,0.96,1,0.95,2,grid
197,0.9,1,0.85,2,grid
198,0.95,1,0.95,2,grid
199,0.96,2,0.95,2,grid
200,0.95,1,0.95,2,grid
201,0.94,1,0.85,2,grid
202,0.96,1,0.95,2,grid
203,0.98,1,0.95,2,grid
204,0.94,1,0.85,2,grid
205,0.87,2,0.85,2,grid
206,0.93,1,0.85,2,grid
207,0.96,1,0.95,2,grid
208,0.95,1,0.95,2,grid
209,0.92,1,0.85,2,grid
210,0.94,2,0.85,2,grid
211,0.87,2,0.85,2,grid
212,0.94,2,0.85,2,grid
213,0.89,1,0.85,2,grid
214,0.92,2,0.85,2,grid
215,0.92,1,0.85,2,grid
216,0.97,1,0.95,2,grid
217,0.87,3,0.85,3,grid
218,0.96,1,0.95,2,grid
219,0.94,2,0.85,2,grid
220,0.78,2,0.75,2,grid
221,0.84,2,0.75,2,grid
222,1.0,0,0.95,2,grid
223,1.0,0,0.95,2,grid
224,0.87,2,0.85,2,grid
225,0.95,2,0.95,2,grid
226,0.97,2,0.95,2,grid
227,0.97,1,0.95,2,grid
228,0.97,1,0.95,2,grid
229,0.98,1,0.95,2,grid
230,1.0,0,0.95,2,grid
231,0.98,1,0.95,2,grid
232,0.91,1,0.85,2,grid
233,0.96,1,0.95,2,grid
234,0.95,1,0.95,2,grid
235,0.96,1,0.95,2,grid
236,0.84,3,0.75,3,grid
237,0.89,1,0.85,2,grid
238,0.99,1,0.95,2,grid
239,0.98,1,0.95,2,grid
240,0.92,2,0.85,2,grid
241,0.95,1,0.95,2,grid
242,0.99,1,0.95,2,grid
243,0.97,1,0.95,2,grid
244,1.0,0,0.95,2,grid
245,0.94,2,0.85,2,grid
246,0.98,1,0.95,2,grid
247,0.92,2,0.85,2,grid
248,1.0,0,0.95,2,grid
249,0.98,1,0.95,2,grid
250,0.98,1,0.95,2,grid
251,0.95,1,0.95,2,grid
252,0.93,1,0.85,2,grid
253,0.98,1,0.95,2,grid
254,0.96,1,0.95,2,grid
255,0.9,2,0.85,2,grid
256,0.94,1,0.85,2,grid
257,0.91,2,0.85,2,grid
258,0.96,1,0.95,2,grid
259,0.89,2,0.85,2,grid
260,0.84,3,0.75,3,grid
261,0.9,3,0.85,3,grid
262,0.88,2,0.85,2,grid
263,0.85,3,0.85,3,grid
264,0.94,1,0.85,2,grid
265,0.88,3,0.85,3,grid
266,0.9,2,0.85,2,grid
267,0.85,2,0.85,2,grid
268,0.91,1,0.85,2,grid
269,0.87,2,0.85,2,grid
270,0.92,1,0.85,2,grid
271,0.87,2,0.85,2,grid
272,0.89,1,0.85,2,grid
273,0.88,2,0.85,2,grid
274,0.9,2,0.85,2,grid
275,0.96,2,0.95,2,grid
276,0.95,1,0.95,2,grid
277,0.92,1,0.85,2,grid
278,0.9,2,0.85,2,grid
279,0.94,1,0.85,2,grid
280,0.97,2,0.95,2,grid
281,0.98,1,0.95,2,grid
282,0.99,1,0.95,2,grid
283,0.98,1,0.95,2,grid
284,0.92,1,0.85,2,grid
285,0.88,2,0.85,2,grid
286,0.98,1,0.95,2,grid
287,0.96,1,0.95,2,grid
288,0.95,1,0.95,2,grid
289,0.93,1,0.85,2,grid
290,0.96,1,0.95,2,grid
291,0.99,1,0.95,2,grid
292,1.0,0,0.95,2,grid
293,0.92,1,0.85,2,grid
294,0.98,1,0.95,2,grid
295,0.98,1,0.95,2,grid
296,0.94,1,0.85,2,grid
297,0.97,1,0.95,2,grid
298,0.97,1,0.95,2,grid
299,0.94,2,0.85,2,grid
300,0.88,2,0.85,2,grid
301,0.93,1,0.85,2,grid
302,0.91,1,0.85,2,grid
303,1.0,0,0.95,2,grid
304,0.96,1,0.95,2,grid
305,0.95,2,0.95,2,grid
306,0.98,1,0.95,2,grid
307,0.94,1,0.85,2,grid
308,0.95,3,0.95,3,grid
309,0.89,2,0.85,2,grid
310,0.88,2,0.85,2,grid
311,0.84,2,0.75,2,grid
312,0.95,1,0.95,2,grid
313,0.97,1,0.95,2,grid
314,0.93,1,0.85,2,grid
315,0.94,1,0.85,2,grid
316,0.93,1,0.85,2,grid
317,0.94,2,0.85,2,grid
318,0.96,1,0.95,2,grid
319,0.98,1,0.95,2,grid
320,0.98,1,0.95,2,grid
321,0.99,1,0.95,2,grid
322,0.98,1,0.95,2,grid
323,0.95,1,0.95,2,grid
324,0.9,1,0.85,2,grid
325,0.97,1,0.95,2,grid
326,0.95,2,0.95,2,grid
327,0.97,1,0.95,2,grid
328,0.89,1,0.85,2,grid
329,0.92,1,0.85,2,grid
330,0.98,1,0.95,2,grid
331,0.98,2,0.95,2,grid
332,0.88,2,0.85,2,grid
333,0.88,2,0.85,2,grid
334,0.93,1,0.85,2,grid
335,0.97,1,0.95,2,grid
336,0.94,1,0.85,2,grid
337,0.85,2,0.85,2,grid
338,0.92,2,0.85,2,grid
339,0.88,2,0.85,2,grid
340,0.88,2,0.85,2,grid
341,0.94,1,0.85,2,grid
342,0.96,1,0.95,2,grid
343,0.91,1,0.85,2,grid
344,0.86,2,0.85,2,grid
345,0.97,1,0.95,2,grid
346,0.95,1,0.95,2,grid
347,0.94,2,0.85,2,grid
348,0.95,1,0.95,2,grid
349,0.99,1,0.95,2,grid
350,0.82,3,0.75,3,grid
351,0.98,1,0.95,2,grid
352,0.94,2,0.85,2,grid
353,0.91,2,0.85,2,grid
354,0.96,1,0.95,2,grid
355,0.96,1,0.95,2,grid
356,0.96,1,0.95,2,grid
357,0.95,2,0.95,2,grid
358,0.93,2,0.85,2,grid
359,0.97,1,0.95,2,grid
360,0.98,1,0.95,2,grid
361,0.98,1,0.95,2,grid
362,0.98,1,0.95,2,grid
363,0.86,2,0.85,2,grid
364,0.94,1,0.85,2,grid
365,0.91,1,0.85,2,grid
366,0.97,1,0.95,2,grid
367,0.92,3,0.85,3,grid
368,0.94,1,0.85,2,grid
369,0.96,1,0.95,2,grid
370,0.92,3,0.85,3,grid
371,0.97,1,0.95,2,grid
372,0.98,1,0.95,2,grid
373,0.99,1,0.95,2,grid
374,0.95,1,0.95,2,grid
375,0.97,1,0.95,2,grid
376,0.94,1,0.85,2,grid
377,0.92,2,0.85,2,grid
378,0.98,1,0.95,2,grid
379,0.94,1,0.85,2,grid
380,0.95,1,0.95,2,grid
381,0.92,1,0.85,2,grid
382,0.98,1,0.95,2,grid
383,0.9,1,0.85,2,grid
384,0.9,1,0.85,2,grid
385,0.9,1,0.85,2,grid
386,0.94,2,0.85,2,grid
387,0.88,3,0.85,3,grid
388,0.82,2,0.75,2,grid
389,0.96,1,0.95,2,grid
390,0.92,1,0.85,2,grid
391,0.97,1,0.95,2,grid
392,0.9,3,0.85,3,grid
393,0.96,1,0.95,2,grid
394,0.89,2,0.85,2,grid
395,0.85,3,0.85,3,grid
396,0.89,2,0.85,2,grid
397,0.89,2,0.85,2,grid
398,0.94,2,0.85,2,grid
399,0.87,2,0.85,2,grid
400,0.88,3,0.85,3,grid
401,0.91,1,0.85,2,grid
402,0.96,1,0.95,2,grid
403,0.93,1,0.85,2,grid
404,0.91,2,0.85,2,grid
405,0.85,3,0.85,3,grid
406,0.95,2,0.95,2,grid
407,0.91,1,0.85,2,grid
408,0.89,2,0.85,2,grid
409,0.94,2,0.85,2,grid
410,0.93,2,0.85,2,grid
411,0.97,1,0.95,2,grid
412,0.96,1,0.95,2,grid
413,0.97,1,0.95,2,grid
414,0.98,1,0.95,2,grid
415,0.98,1,0.95,2,grid
416,0.97,1,0.95,2,grid
417,0.84,4,0.75,5,grid
418,0.95,2,0.95,2,grid
419,0.91,1,0.85,2,grid
420,0.84,2,0.75,2,grid
421,0.89,2,0.85,2,grid
422,0.84,4,0.75,5,grid
423,0.89,2,0.85,2,grid
424,0.9,2,0.85,2,grid
425,0.86,3,0.85,3,grid
426,0.9,3,0.85,3,grid
427,0.96,1,0.95,2,grid
428,0.77,7,0.75,10,grid
429,0.86,4,0.85,5,grid
430,0.98,1,0.95,2,grid
431,0.91,2,0.85,2,grid
432,0.92,2,0.85,2,grid
433,0.93,2,0.85,2,grid
434,0.94,1,0.85,2,grid
435,0.93,2,0.85,2,grid
436,0.9,2,0.85,2,grid
437,0.85,2,0.85,2,grid
438,0.97,1,0.95,2,grid
439,0.89,1,0.85,2,grid
440,0.9,2,0.85,2,grid
441,0.94,1,0.85,2,grid
442,0.99,1,0.95,2,grid
443,0.89,3,0.85,3,grid
444,0.93,3,0.85,3,grid
445,0.91,2,0.85,2,grid
446,0.95,1,0.95,2,grid
447,0.96,1,0.95,2,grid
448,0.98,1,0.95,2,grid
449,0.99,1,0.95,2,grid
450,0.96,1,0.95,2,grid
451,0.98,1,0.95,2,grid
452,0.98,1,0.95,2,grid
453,0.96,1,0.95,2,grid
454,0.97,1,0.95,2,grid
455,0.97,1,0.95,2,grid
456,0.83,4,0.75,5,grid
457,0.94,1,0.85,2,grid
458,0.93,1,0.85,2,grid
459,0.89,2,0.85,2,grid
460,0.82,2,0.75,2,grid
461,0.84,4,0.75,5,grid
462,0.88,4,0.85,5,grid
463,0.94,2,0.85,2,grid
464,0.89,2,0.85,2,grid
465,0.93,1,0.85,2,grid
466,0.96,1,0.95,2,grid
467,0.93,1,0.85,2,grid
468,0.89,2,0.85,2,grid
469,0.9,1,0.85,2,grid
470,0.92,1,0.85,2,grid
471,0.86,2,0.85,2,grid
472,0.83,2,0.75,2,grid
473,0.89,2,0.85,2,grid
474,0.94,2,0.85,2,grid
475,0.91,1,0.85,2,grid
476,0.97,1,0.95,2,grid
477,0.95,1,0.95,2,grid
478,0.95,2,0.95,2,grid
479,0.9,2,0.85,2,grid
480,0.96,1,0.95,2,grid
481,0.82,2,0.75,2,grid
482,0.86,2,0.85,2,grid
483,0.83,3,0.75,3,grid
484,0.85,2,0.85,2,grid
485,0.84,2,0.75,2,grid
486,0.85,2,0.85,2,grid
487,0.87,1,0.85,2,grid
488,0.86,3,0.85,3,grid
489,0.93,1,0.85,2,grid
490,0.89,1,0.85,2,grid
491,0.89,1,0.85,2,grid
492,0.92,2,0.85,2,grid
493,0.83,6,0.75,10,grid
494,0.87,2,0.85,2,grid
495,0.63,28,0.55,40,grid
496,0.83,5,0.75,5,grid
497,0.95,1,0.95,2,grid
498,0.89,2,0.85,2,grid
499,0.82,2,0.75,2,grid
500,0.97,1,0.95,2,grid
501,0.93,1,0.85,2,grid
502,0.88,2,0.85,2,grid
503,0.93,4,0.85,5,grid
504,0.96,1,0.95,2,grid
505,0.92,1,0.85,2,grid
506,0.86,2,0.85,2,grid
507,0.89,2,0.85,2,grid
508,0.89,2,0.85,2,grid
509,0.84,2,0.75,2,grid
510,0.79,3,0.75,3,grid
511,0.89,2,0.85,2,grid
512,0.93,1,0.85,2,grid
513,0.83,4,0.75,5,grid
514,0.9,1,0.85,2,grid
515,0.89,2,0.85,2,grid
516,0.93,2,0.85,2,grid
517,0.97,1,0.95,2,grid
518,0.92,1,0.85,2,grid
519,0.96,1,0.95,2,grid
520,0.92,1,0.85,2,grid
521,0.91,3,0.85,3,grid
522,0.98,1,0.95,2,grid
523,0.97,1,0.95,2,grid
524,0.98,1,0.95,2,grid
525,0.9,1,0.85,2,grid
526,0.92,2,0.85,2,grid
527,0.98,1,0.95,2,grid
528,0.99,1,0.95,2,grid
529,0.98,1,0.95,2,grid
530,0.95,1,0.95,2,grid
531,0.97,1,0.95,2,grid
532,0.95,1,0.95,2,grid
533,0.89,1,0.85,2,grid
534,0.94,2,0.85,2,grid
535,0.98,1,0.95,2,grid
536,0.96,1,0.95,2,grid
537,0.84,3,0.75,3,grid
538,0.95,1,0.95,2,grid
539,0.9,2,0.85,2,grid
540,0.91,1,0.85,2,grid
541,0.92,2,0.85,2,grid
542,0.83,2,0.75,2,grid
543,0.86,2,0.85,2,grid
544,0.92,1,0.85,2,grid
545,0.92,2,0.85,2,grid
546,0.53,12,0.45,20,grid
547,0.04,85,SAT,SAT,sat_worst
548,0.84,12,0.75,20,grid
549,0.97,1,0.95,2,grid
550,0.89,1,0.85,2,grid
551,0.93,1,0.85,2,grid
552,0.93,2,0.85,2,grid
553,0.97,1,0.95,2,grid
554,0.92,3,0.85,3,grid
555,0.88,1,0.85,2,grid
556,0.99,1,0.95,2,grid
557,0.93,1,0.85,2,grid
558,0.89,2,0.85,2,grid
559,0.89,3,0.85,3,grid
560,0.47,21,0.45,40,grid
561,0.8,3,0.75,3,grid
562,0.96,1,0.95,2,grid
563,0.33,45,SAT,SAT,sat_worst
564,0.74,7,0.65,10,grid
565,0.9,2,0.85,2,grid
566,0.95,1,0.95,2,grid
567,0.96,2,0.95,2,grid
568,0.85,2,0.85,2,grid
569,0.82,3,0.75,3,grid
570,0.89,3,0.85,3,grid
571,0.91,2,0.85,2,grid
572,0.9,3,0.85,3,grid
573,0.86,2,0.85,2,grid
574,0.93,1,0.85,2,grid
575,0.88,5,0.85,5,grid
576,0.9,2,0.85,2,grid
577,0.94,1,0.85,2,grid
578,0.85,3,0.85,3,grid
579,0.24,24,SAT,40,sat_worst
580,0.19,51,SAT,SAT,sat_worst
581,0.12,36,SAT,40,sat_worst
582,0.01,94,SAT,SAT,sat_worst
583,0.4,43,SAT,SAT,sat_worst
584,0.71,6,0.65,10,grid
585,0.81,2,0.75,2,grid
586,0.71,7,0.65,10,grid
587,0.58,21,0.55,40,grid
588,0.42,24,SAT,40,sat_worst
589,0.06,58,SAT,SAT,sat_worst
590,0.36,58,SAT,SAT,sat_worst
591,0.84,3,0.75,3,grid
592,0.93,1,0.85,2,grid
593,0.26,37,SAT,40,sat_worst
594,0.03,93,SAT,SAT,sat_worst
595,0.58,11,0.55,20,grid
596,0.92,1,0.85,2,grid
597,0.99,1,0.95,2,grid
598,0.95,1,0.95,2,grid
599,0.95,1,0.95,2,grid
600,0.96,1,0.95,2,grid
601,0.86,2,0.85,2,grid
602,0.47,8,0.45,10,grid
603,0.1,77,SAT,SAT,sat_worst
604,0.0,100,SAT,SAT,sat_worst
605,0.01,61,SAT,SAT,sat_worst
606,0.0,100,SAT,SAT,sat_worst
607,0.16,40,SAT,40,sat_worst
608,0.23,20,SAT,20,sat_worst
609,0.13,50,SAT,SAT,sat_worst
610,0.89,1,0.85,2,grid
611,0.1,66,SAT,SAT,sat_worst
612,0.18,46,SAT,SAT,sat_worst
613,0.27,64,SAT,SAT,sat_worst
614,0.2,34,SAT,40,sat_worst
615,0.81,4,0.75,5,grid
616,0.92,2,0.85,2,grid
617,0.54,41,0.45,SAT,sat_worst
618,0.0,100,SAT,SAT,sat_worst
619,0.39,53,SAT,SAT,sat_worst
620,0.9,2,0.85,2,grid
621,0.95,1,0.95,2,grid
622,0.91,3,0.85,3,grid
623,0.94,2,0.85,2,grid
624,0.92,1,0.85,2,grid
625,0.38,42,SAT,SAT,sat_worst
626,0.88,3,0.85,3,grid
627,0.99,1,0.95,2,grid
628,1.0,0,0.95,2,grid
629,0.92,1,0.85,2,grid
630,0.97,1,0.95,2,grid
631,0.58,18,0.55,20,grid
632,0.89,3,0.85,3,grid
633,0.98,1,0.95,2,grid
634,0.92,2,0.85,2,grid
635,0.89,2,0.85,2,grid
636,0.94,1,0.85,2,grid
637,0.69,11,0.65,20,grid
638,0.94,1,0.85,2,grid
639,0.94,2,0.85,2,grid
640,0.94,2,0.85,2,grid
641,0.95,1,0.95,2,grid
642,0.97,1,0.95,2,grid
643,0.9,2,0.85,2,grid
644,0.94,2,0.85,2,grid
645,0.87,2,0.85,2,grid
646,0.91,2,0.85,2,grid
647,0.96,1,0.95,2,grid
648,0.94,2,0.85,2,grid
649,0.9,1,0.85,2,grid
650,0.95,1,0.95,2,grid
651,0.95,2,0.95,2,grid
652,0.95,1,0.95,2,grid
653,0.87,4,0.85,5,grid
654,0.99,1,0.95,2,grid
655,0.96,2,0.95,2,grid
656,0.97,1,0.95,2,grid
657,0.96,2,0.95,2,grid
658,1.0,0,0.95,2,grid
659,0.97,2,0.95,2,grid
660,0.93,1,0.85,2,grid
661,0.88,3,0.85,3,grid
662,0.9,2,0.85,2,grid
663,0.88,1,0.85,2,grid
664,0.97,1,0.95,2,grid
665,0.97,2,0.95,2,grid
666,0.94,1,0.85,2,grid
667,0.92,2,0.85,2,grid
668,0.96,1,0.95,2,grid
669,0.85,2,0.85,2,grid
670,0.98,1,0.95,2,grid
671,0.98,1,0.95,2,grid
672,0.9,1,0.85,2,grid
673,0.82,3,0.75,3,grid
674,0.89,2,0.85,2,grid
675,0.91,2,0.85,2,grid
676,0.88,1,0.85,2,grid
677,0.9,1,0.85,2,grid
678,0.93,2,0.85,2,grid
679,0.98,1,0.95,2,grid
680,0.99,1,0.95,2,grid
681,1.0,0,0.95,2,grid
682,0.98,1,0.95,2,grid
683,0.98,1,0.95,2,grid
684,0.98,1,0.95,2,grid
685,0.96,2,0.95,2,grid
686,0.99,1,0.95,2,grid
687,0.96,2,0.95,2,grid
688,0.92,1,0.85,2,grid
689,0.93,2,0.85,2,grid
690,0.89,2,0.85,2,grid
691,0.9,1,0.85,2,grid
692,0.9,2,0.85,2,grid
693,0.87,1,0.85,2,grid
694,0.91,2,0.85,2,grid
695,0.9,1,0.85,2,grid
696,0.9,1,0.85,2,grid
697,0.88,2,0.85,2,grid
698,0.94,1,0.85,2,grid
699,0.88,1,0.85,2,grid
700,0.97,1,0.95,2,grid
701,0.95,1,0.95,2,grid
702,0.95,1,0.95,2,grid
703,0.92,2,0.85,2,grid
704,0.97,1,0.95,2,grid
705,0.92,2,0.85,2,grid
706,0.97,1,0.95,2,grid
707,0.98,1,0.95,2,grid
708,0.97,1,0.95,2,grid
709,0.91,1,0.85,2,grid
710,0.94,2,0.85,2,grid
711,0.92,2,0.85,2,grid
712,0.97,1,0.95,2,grid
713,0.92,2,0.85,2,grid
714,0.96,1,0.95,2,grid
715,0.95,3,0.95,3,grid
716,0.96,2,0.95,2,grid
717,0.96,1,0.95,2,grid
718,0.98,1,0.95,2,grid
719,0.92,2,0.85,2,grid
720,0.97,1,0.95,2,grid
721,0.98,1,0.95,2,grid
722,0.95,1,0.95,2,grid
723,0.97,1,0.95,2,grid
724,0.91,1,0.85,2,grid
725,0.95,1,0.95,2,grid
726,0.87,3,0.85,3,grid
727,0.96,1,0.95,2,grid
728,0.98,1,0.95,2,grid
729,0.98,1,0.95,2,grid
730,0.99,1,0.95,2,grid
731,0.96,1,0.95,2,grid
732,0.96,1,0.95,2,grid
733,0.92,2,0.85,2,grid
734,0.93,1,0.85,2,grid
735,0.95,1,0.95,2,grid
736,0.93,1,0.85,2,grid
737,0.91,1,0.85,2,grid
738,0.92,2,0.85,2,grid
739,0.97,1,0.95,2,grid
740,0.99,1,0.95,2,grid
741,0.92,1,0.85,2,grid
742,0.88,1,0.85,2,grid
743,0.96,1,0.95,2,grid
744,0.99,1,0.95,2,grid
745,0.97,1,0.95,2,grid
746,0.89,2,0.85,2,grid
747,0.9,2,0.85,2,grid
748,0.86,3,0.85,3,grid
749,0.95,1,0.95,2,grid
750,0.91,2,0.85,2,grid
751,0.99,1,0.95,2,grid
752,0.95,1,0.95,2,grid
753,0.88,3,0.85,3,grid
754,0.95,1,0.95,2,grid
755,0.86,2,0.85,2,grid
756,0.93,4,0.85,5,grid
757,0.87,3,0.85,3,grid
758,0.92,2,0.85,2,grid
759,0.95,1,0.95,2,grid
760,0.88,2,0.85,2,grid
761,0.93,1,0.85,2,grid
762,0.94,1,0.85,2,grid
763,1.0,0,0.95,2,grid
764,0.96,1,0.95,2,grid
765,0.87,3,0.85,3,grid
766,0.98,1,0.95,2,grid
767,0.9,3,0.85,3,grid
768,0.94,1,0.85,2,grid
769,0.99,1,0.95,2,grid
770,0.96,1,0.95,2,grid
771,0.94,1,0.85,2,grid
772,0.99,1,0.95,2,grid
773,1.0,0,0.95,2,grid
774,0.96,2,0.95,2,grid
775,0.95,1,0.95,2,grid
776,1.0,0,0.95,2,grid
777,0.97,1,0.95,2,grid
778,0.83,2,0.75,2,grid
779,0.94,1,0.85,2,grid
780,0.92,2,0.85,2,grid
781,0.96,1,0.95,2,grid
782,0.95,2,0.95,2,grid
783,0.94,1,0.85,2,grid
784,0.91,2,0.85,2,grid
785,0.96,1,0.95,2,grid
786,0.94,2,0.85,2,grid
787,0.95,1,0.95,2,grid
788,0.96,1,0.95,2,grid
789,0.95,1,0.95,2,grid
790,0.81,4,0.75,5,grid
791,0.89,3,0.85,3,grid
792,0.87,1,0.85,2,grid
793,0.93,1,0.85,2,grid
794,0.85,2,0.85,2,grid
795,0.93,1,0.85,2,grid
796,0.94,2,0.85,2,grid
797,0.97,1,0.95,2,grid
798,0.93,1,0.85,2,grid
799,0.93,1,0.85,2,grid
800,0.96,1,0.95,2,grid
801,0.96,1,0.95,2,grid
802,0.91,2,0.85,2,grid
803,1.0,0,0.95,2,grid
804,0.99,1,0.95,2,grid
805,0.96,2,0.95,2,grid
806,0.98,1,0.95,2,grid
807,0.93,2,0.85,2,grid
808,0.96,1,0.95,2,grid
809,0.97,2,0.95,2,grid
810,0.98,1,0.95,2,grid
811,0.97,1,0.95,2,grid
812,0.99,1,0.95,2,grid
813,0.97,3,0.95,3,grid
814,0.96,1,0.95,2,grid
815,0.99,1,0.95,2,grid
816,0.95,1,0.95,2,grid
817,0.96,2,0.95,2,grid
818,0.96,1,0.95,2,grid
819,1.0,0,0.95,2,grid
820,0.98,1,0.95,2,grid
821,0.96,1,0.95,2,grid
822,0.97,1,0.95,2,grid
823,0.97,1,0.95,2,grid
824,0.91,3,0.85,3,grid
825,0.88,1,0.85,2,grid
826,0.94,2,0.85,2,grid
827,0.89,2,0.85,2,grid
828,0.97,1,0.95,2,grid
829,0.97,1,0.95,2,grid
830,0.94,2,0.85,2,grid
831,0.96,1,0.95,2,grid
832,0.99,1,0.95,2,grid
833,0.97,1,0.95,2,grid
834,0.9,2,0.85,2,grid
835,0.93,1,0.85,2,grid
836,0.97,1,0.95,2,grid
837,0.99,1,0.95,2,grid
838,0.92,5,0.85,5,grid
839,0.88,4,0.85,5,grid
840,0.99,1,0.95,2,grid
841,0.98,1,0.95,2,grid
842,0.93,3,0.85,3,grid
843,0.91,3,0.85,3,grid
844,1.0,0,0.95,2,grid
845,0.96,1,0.95,2,grid
846,0.94,2,0.85,2,grid
847,0.91,2,0.85,2,grid
848,0.95,1,0.95,2,grid
849,0.89,2,0.85,2,grid
850,0.97,1,0.95,2,grid
851,0.94,1,0.85,2,grid
852,0.96,1,0.95,2,grid
853,0.9,2,0.85,2,grid
854,0.89,3,0.85,3,grid
855,0.91,1,0.85,2,grid
856,0.94,2,0.85,2,grid
857,0.87,3,0.85,3,grid
858,0.89,2,0.85,2,grid
859,0.96,1,0.95,2,grid
860,0.95,1,0.95,2,grid
861,0.89,2,0.85,2,grid
862,0.97,1,0.95,2,grid
863,0.93,1,0.85,2,grid
864,0.9,3,0.85,3,grid
865,0.97,1,0.95,2,grid
866,0.9,2,0.85,2,grid
867,0.92,1,0.85,2,grid
868,0.86,2,0.85,2,grid
869,0.88,3,0.85,3,grid
870,0.94,1,0.85,2,grid
871,0.97,1,0.95,2,grid
872,0.91,2,0.85,2,grid
873,1.0,0,0.95,2,grid
874,0.95,2,0.95,2,grid
875,0.96,1,0.95,2,grid
876,0.99,1,0.95,2,grid
877,0.96,1,0.95,2,grid
878,0.97,1,0.95,2,grid
879,0.99,1,0.95,2,grid
880,0.9,1,0.85,2,grid
881,0.89,2,0.85,2,grid
882,0.89,2,0.85,2,grid
883,0.94,2,0.85,2,grid
884,0.89,2,0.85,2,grid
885,0.87,3,0.85,3,grid
886,0.94,2,0.85,2,grid
887,0.94,1,0.85,2,grid
888,0.94,1,0.85,2,grid
889,0.95,2,0.95,2,grid
890,0.81,3,0.75,3,grid
891,0.87,3,0.85,3,grid
892,0.82,2,0.75,2,grid
893,0.95,2,0.95,2,grid
894,0.84,2,0.75,2,grid
895,0.87,2,0.85,2,grid
896,0.85,2,0.85,2,grid
897,0.93,2,0.85,2,grid
898,0.87,2,0.85,2,grid
899,0.9,3,0.85,3,grid
900,0.96,1,0.95,2,grid
901,0.91,1,0.85,2,grid
902,0.81,2,0.75,2,grid
903,0.85,3,0.85,3,grid
904,0.82,2,0.75,2,grid
905,0.86,2,0.85,2,grid
906,0.98,1,0.95,2,grid
907,0.87,2,0.85,2,grid
908,0.91,2,0.85,2,grid
909,0.91,2,0.85,2,grid
910,0.97,2,0.95,2,grid
911,0.92,1,0.85,2,grid
912,0.94,1,0.85,2,grid
913,0.94,1,0.85,2,grid
914,0.95,1,0.95,2,grid
915,0.89,2,0.85,2,grid
916,0.83,3,0.75,3,grid
917,0.8,2,0.75,2,grid
918,0.85,3,0.85,3,grid
919,0.86,2,0.85,2,grid
920,0.87,2,0.85,2,grid
921,0.95,1,0.95,2,grid
922,0.92,2,0.85,2,grid
923,0.95,1,0.95,2,grid
924,0.95,1,0.95,2,grid
925,0.77,4,0.75,5,grid
926,0.96,1,0.95,2,grid
927,0.91,1,0.85,2,grid
928,0.85,2,0.85,2,grid
929,0.79,3,0.75,3,grid
930,0.89,3,0.85,3,grid
931,0.8,2,0.75,2,grid
932,0.87,1,0.85,2,grid
933,0.82,2,0.75,2,grid
934,0.79,3,0.75,3,grid
935,0.84,2,0.75,2,grid
936,0.98,1,0.95,2,grid
937,1.0,0,0.95,2,grid
938,0.9,3,0.85,3,grid
939,0.82,2,0.75,2,grid
940,0.83,2,0.75,2,grid
941,0.92,2,0.85,2,grid
942,0.82,3,0.75,3,grid
943,0.92,1,0.85,2,grid
944,0.93,2,0.85,2,grid
945,0.91,2,0.85,2,grid
946,0.96,3,0.95,3,grid
947,0.94,1,0.85,2,grid
948,0.86,2,0.85,2,grid
949,0.94,1,0.85,2,grid
950,0.85,4,0.85,5,grid
951,0.89,4,0.85,5,grid
952,0.94,1,0.85,2,grid
953,0.91,2,0.85,2,grid
954,0.87,3,0.85,3,grid
955,0.82,14,0.75,20,grid
956,0.91,2,0.85,2,grid
957,0.53,40,0.45,40,grid
958,0.36,33,SAT,40,sat_worst
959,0.88,2,0.85,2,grid
960,0.97,1,0.95,2,grid
961,0.67,21,0.65,40,grid
962,0.0,100,SAT,SAT,sat_worst
963,0.87,6,0.85,10,grid
964,0.59,22,0.55,40,grid
965,0.86,2,0.85,2,grid
966,0.86,2,0.85,2,grid
967,0.84,4,0.75,5,grid
968,0.32,53,SAT,SAT,sat_worst
969,0.0,100,SAT,SAT,sat_worst
970,0.2,78,SAT,SAT,sat_worst
971,0.9,2,0.85,2,grid
972,0.89,1,0.85,2,grid
973,0.38,54,SAT,SAT,sat_worst
974,0.68,9,0.65,10,grid
975,0.86,2,0.85,2,grid
976,0.84,4,0.75,5,grid
977,0.9,2,0.85,2,grid
978,0.9,3,0.85,3,grid
979,0.37,40,SAT,40,sat_worst
980,0.91,3,0.85,3,grid
981,0.84,2,0.75,2,grid
982,0.87,2,0.85,2,grid
983,0.88,2,0.85,2,grid
984,0.92,1,0.85,2,grid
985,0.96,1,0.95,2,grid
986,0.83,2,0.75,2,grid
987,0.97,1,0.95,2,grid
988,0.1,84,SAT,SAT,sat_worst
989,0.14,42,SAT,SAT,sat_worst
990,0.74,9,0.65,10,grid
991,0.83,3,0.75,3,grid
992,0.71,3,0.65,3,grid
993,0.82,3,0.75,3,grid
994,0.88,1,0.85,2,grid
995,0.93,1,0.85,2,grid
996,0.92,1,0.85,2,grid
997,0.9,1,0.85,2,grid
998,0.96,1,0.95,2,grid
999,0.93,2,0.85,2,grid
1000,0.76,3,0.75,3,grid
1001,0.78,3,0.75,3,grid
1002,0.84,2,0.75,2,grid
1003,0.71,19,0.65,20,grid
1004,0.79,3,0.75,3,grid
1005,0.54,29,0.45,40,grid
1006,0.54,36,0.45,40,grid
1007,0.48,46,0.45,SAT,sat_worst
1008,0.12,86,SAT,SAT,sat_worst
1009,0.23,48,SAT,SAT,sat_worst
1010,0.0,100,SAT,SAT,sat_worst
1011,0.0,100,SAT,SAT,sat_worst
1012,0.0,100,SAT,SAT,sat_worst
1013,0.0,100,SAT,SAT,sat_worst
1014,0.0,100,SAT,SAT,sat_worst
1015,0.8,18,0.75,20,grid
1016,0.98,1,0.95,2,grid
1017,0.91,1,0.85,2,grid
1018,0.88,1,0.85,2,grid
1019,0.87,1,0.85,2,grid
1020,0.96,1,0.95,2,grid
1021,0.94,1,0.85,2,grid
1022,0.88,1,0.85,2,grid
1023,0.89,1,0.85,2,grid
1024,0.96,2,0.95,2,grid
1025,0.51,44,0.45,SAT,sat_worst
1026,0.0,100,SAT,SAT,sat_worst
1027,0.1,67,SAT,SAT,sat_worst
1028,0.0,100,SAT,SAT,sat_worst
1029,0.0,100,SAT,SAT,sat_worst
1030,0.0,100,SAT,SAT,sat_worst
1031,0.0,100,SAT,SAT,sat_worst
1032,0.08,56,SAT,SAT,sat_worst
1033,0.0,100,SAT,SAT,sat_worst
1034,0.07,52,SAT,SAT,sat_worst
1035,0.6,8,0.55,10,grid
1036,0.79,3,0.75,3,grid
1037,0.82,2,0.75,2,grid
1038,0.74,10,0.65,10,grid
1039,0.86,2,0.85,2,grid
1040,0.83,2,0.75,2,grid
1041,0.8,2,0.75,2,grid
1042,0.86,2,0.85,2,grid
1043,0.86,2,0.85,2,grid
1044,0.94,1,0.85,2,grid
1045,0.88,2,0.85,2,grid
1046,0.98,1,0.95,2,grid
1047,0.98,1,0.95,2,grid
1048,0.94,1,0.85,2,grid
1049,0.94,2,0.85,2,grid
1050,0.87,2,0.85,2,grid
1051,0.84,2,0.75,2,grid
1052,0.85,3,0.85,3,grid
1053,0.8,3,0.75,3,grid
1054,0.8,2,0.75,2,grid
1055,0.84,2,0.75,2,grid
1056,0.87,2,0.85,2,grid
1057,0.86,1,0.85,2,grid
1058,0.92,1,0.85,2,grid
1059,0.95,2,0.95,2,grid
1060,0.92,1,0.85,2,grid
1061,0.89,3,0.85,3,grid
1062,0.77,3,0.75,3,grid
1063,0.76,4,0.75,5,grid
1064,0.82,2,0.75,2,grid
1065,0.81,3,0.75,3,grid
1066,0.76,5,0.75,5,grid
1067,0.86,3,0.85,3,grid
1068,0.84,2,0.75,2,grid
1069,0.91,1,0.85,2,grid
1070,0.9,1,0.85,2,grid
1071,0.91,1,0.85,2,grid
1072,0.94,1,0.85,2,grid
1073,0.94,1,0.85,2,grid
1074,0.92,2,0.85,2,grid
1075,0.82,2,0.75,2,grid
1076,0.79,3,0.75,3,grid
1077,0.93,3,0.85,3,grid
1078,0.92,2,0.85,2,grid
1079,0.94,2,0.85,2,grid
1080,0.89,2,0.85,2,grid
1081,0.98,1,0.95,2,grid
1082,0.89,2,0.85,2,grid
1083,0.96,1,0.95,2,grid
1084,0.93,1,0.85,2,grid
1085,0.94,2,0.85,2,grid
1086,0.93,2,0.85,2,grid
1087,0.94,2,0.85,2,grid
1088,0.91,2,0.85,2,grid
1089,0.98,1,0.95,2,grid
1090,0.95,1,0.95,2,grid
1091,0.91,1,0.85,2,grid
1092,0.83,2,0.75,2,grid
1093,0.94,1,0.85,2,grid
1094,0.97,1,0.95,2,grid
1095,0.92,1,0.85,2,grid
1096,0.97,1,0.95,2,grid
1097,0.92,1,0.85,2,grid
1098,0.91,1,0.85,2,grid
1099,0.86,3,0.85,3,grid
1100,0.88,1,0.85,2,grid
1101,0.92,2,0.85,2,grid
1102,0.91,1,0.85,2,grid
1103,0.87,1,0.85,2,grid
1104,0.78,3,0.75,3,grid
1105,0.85,2,0.85,2,grid
1106,0.89,2,0.85,2,grid
1107,0.92,1,0.85,2,grid
1108,0.91,1,0.85,2,grid
1109,0.92,3,0.85,3,grid
1110,0.88,2,0.85,2,grid
1111,0.84,2,0.75,2,grid
1112,0.81,2,0.75,2,grid
1113,0.76,4,0.75,5,grid
1114,0.82,2,0.75,2,grid
1115,0.77,2,0.75,2,grid
1116,0.79,3,0.75,3,grid
1117,0.86,3,0.85,3,grid
1118,0.58,16,0.55,20,grid
1119,0.84,5,0.75,5,grid
1120,0.91,2,0.85,2,grid
1121,0.93,1,0.85,2,grid
1122,0.88,3,0.85,3,grid
1123,0.41,15,SAT,20,sat_worst
1124,0.38,26,SAT,40,sat_worst
1125,0.34,23,SAT,40,sat_worst
1126,0.35,23,SAT,40,sat_worst
1127,0.05,78,SAT,SAT,sat_worst
1128,0.48,34,0.45,40,grid
1129,0.7,8,0.65,10,grid
1130,0.46,25,0.45,40,grid
1131,0.69,4,0.65,5,grid
1132,0.35,9,SAT,10,sat_worst
1133,0.16,19,SAT,20,sat_worst
1134,0.33,42,SAT,SAT,sat_worst
1135,0.92,1,0.85,2,grid
1136,0.73,8,0.65,10,grid
1137,0.23,28,SAT,40,sat_worst
1138,0.29,28,SAT,40,sat_worst
1139,0.34,30,SAT,40,sat_worst
1140,0.51,7,0.45,10,grid
1141,0.31,17,SAT,20,sat_worst
1142,0.4,11,SAT,20,sat_worst
1143,0.72,4,0.65,5,grid
1144,0.89,2,0.85,2,grid
1145,0.91,1,0.85,2,grid
1146,0.92,2,0.85,2,grid
1147,0.83,4,0.75,5,grid
1148,0.58,13,0.55,20,grid
1149,0.26,19,SAT,20,sat_worst
1150,0.61,28,0.55,40,grid
1151,0.83,4,0.75,5,grid
1152,0.88,2,0.85,2,grid
1153,0.89,1,0.85,2,grid
1154,0.86,3,0.85,3,grid
1155,0.9,2,0.85,2,grid
1156,0.87,2,0.85,2,grid
1157,0.59,12,0.55,20,grid
1158,0.95,1,0.95,2,grid
1159,0.99,1,0.95,2,grid
1160,0.94,2,0.85,2,grid
1161,0.92,2,0.85,2,grid
1162,0.9,2,0.85,2,grid
1163,0.87,2,0.85,2,grid
1164,0.74,5,0.65,5,grid
1165,0.65,11,0.65,20,grid
1166,0.86,2,0.85,2,grid
1167,0.94,1,0.85,2,grid
1168,0.88,2,0.85,2,grid
1169,0.94,1,0.85,2,grid
1170,0.88,4,0.85,5,grid
1171,0.9,3,0.85,3,grid
1172,0.89,2,0.85,2,grid
1173,0.94,1,0.85,2,grid
1174,0.95,2,0.95,2,grid
1175,0.87,3,0.85,3,grid
1176,0.93,1,0.85,2,grid
1177,0.88,2,0.85,2,grid
1178,0.94,2,0.85,2,grid
1179,0.9,2,0.85,2,grid
1180,0.93,1,0.85,2,grid
1181,0.8,2,0.75,2,grid
1182,0.88,2,0.85,2,grid
1183,0.93,1,0.85,2,grid
1184,0.9,1,0.85,2,grid
1185,0.98,1,0.95,2,grid
1186,0.92,1,0.85,2,grid
1187,0.92,1,0.85,2,grid
1188,0.91,2,0.85,2,grid
1189,0.85,2,0.85,2,grid
1190,0.84,2,0.75,2,grid
1191,0.88,2,0.85,2,grid
1192,0.85,2,0.85,2,grid
1193,0.86,3,0.85,3,grid
1194,0.83,3,0.75,3,grid
1195,0.89,1,0.85,2,grid
1196,0.92,1,0.85,2,grid
1197,0.91,2,0.85,2,grid
1198,0.96,1,0.95,2,grid
1199,0.91,1,0.85,2,grid
1200,0.98,1,0.95,2,grid
1201,0.93,2,0.85,2,grid
1202,0.89,4,0.85,5,grid
1203,0.82,3,0.75,3,grid
1204,0.88,2,0.85,2,grid
1205,0.87,2,0.85,2,grid
1206,0.86,2,0.85,2,grid
1207,0.92,1,0.85,2,grid
1208,0.92,1,0.85,2,grid
1209,0.88,2,0.85,2,grid
1210,0.92,1,0.85,2,grid
1211,0.78,3,0.75,3,grid
1212,0.95,1,0.95,2,grid
1213,0.9,2,0.85,2,grid
1214,0.83,2,0.75,2,grid
1215,0.92,2,0.85,2,grid
1216,0.87,3,0.85,3,grid
1217,0.65,14,0.65,20,grid
1218,0.88,3,0.85,3,grid
1219,0.8,6,0.75,10,grid
1220,0.87,2,0.85,2,grid
1221,0.77,5,0.75,5,grid
1222,0.82,8,0.75,10,grid
1223,0.54,32,0.45,40,grid
1224,0.83,5,0.75,5,grid
1225,0.78,8,0.75,10,grid
1226,0.92,2,0.85,2,grid
1227,0.9,3,0.85,3,grid
1228,0.85,3,0.85,3,grid
1229,0.68,8,0.65,10,grid
1230,0.38,19,SAT,20,sat_worst
1231,0.88,1,0.85,2,grid
1232,0.89,5,0.85,5,grid
1233,0.79,4,0.75,5,grid
1234,0.9,2,0.85,2,grid
1235,0.92,1,0.85,2,grid
1236,0.88,4,0.85,5,grid
1237,0.89,2,0.85,2,grid
1238,0.84,4,0.75,5,grid
1239,0.67,12,0.65,20,grid
1240,0.78,9,0.75,10,grid
1241,0.86,2,0.85,2,grid
1242,0.87,4,0.85,5,grid
1243,0.87,2,0.85,2,grid
1244,0.84,2,0.75,2,grid
1245,0.94,2,0.85,2,grid
1246,0.93,1,0.85,2,grid
1247,0.91,2,0.85,2,grid
1248,0.91,2,0.85,2,grid
1249,0.87,3,0.85,3,grid
1250,0.9,2,0.85,2,grid
1251,0.99,1,0.95,2,grid
1252,0.91,1,0.85,2,grid
1253,0.91,1,0.85,2,grid
1254,0.9,2,0.85,2,grid
1255,0.83,5,0.75,5,grid
1256,0.94,2,0.85,2,grid
1257,0.84,2,0.75,2,grid
1258,0.87,3,0.85,3,grid
1259,0.91,1,0.85,2,grid
1260,0.91,1,0.85,2,grid
1261,0.93,1,0.85,2,grid
1262,0.84,3,0.75,3,grid
1263,0.91,1,0.85,2,grid
1264,0.89,3,0.85,3,grid
1265,0.88,3,0.85,3,grid
1266,0.84,2,0.75,2,grid
1267,0.9,1,0.85,2,grid
1268,0.94,1,0.85,2,grid
1269,0.93,2,0.85,2,grid
1270,0.87,2,0.85,2,grid
1271,0.88,2,0.85,2,grid
1272,0.88,2,0.85,2,grid
1273,0.88,1,0.85,2,grid
1274,0.93,2,0.85,2,grid
1275,0.91,1,0.85,2,grid
1276,0.93,2,0.85,2,grid
1277,0.95,2,0.95,2,grid
1278,0.84,2,0.75,2,grid
1279,0.87,3,0.85,3,grid
1280,0.91,2,0.85,2,grid
1281,0.88,3,0.85,3,grid
1282,0.94,2,0.85,2,grid
1283,0.9,1,0.85,2,grid
1284,0.85,2,0.85,2,grid
1285,0.92,2,0.85,2,grid
1286,0.9,1,0.85,2,grid
1287,0.95,1,0.95,2,grid
1288,0.86,2,0.85,2,grid
1289,0.91,2,0.85,2,grid
1290,0.89,1,0.85,2,grid
1291,0.83,3,0.75,3,grid
1292,0.84,2,0.75,2,grid
1293,0.92,1,0.85,2,grid
1294,0.95,2,0.95,2,grid
1295,0.97,1,0.95,2,grid
1296,0.89,2,0.85,2,grid
1297,0.94,1,0.85,2,grid
1298,0.88,2,0.85,2,grid
1299,0.88,1,0.85,2,grid
1300,0.92,2,0.85,2,grid
1301,0.94,2,0.85,2,grid
1302,0.96,1,0.95,2,grid
1303,0.89,4,0.85,5,grid
1304,0.92,2,0.85,2,grid
1305,0.82,3,0.75,3,grid
1306,0.88,2,0.85,2,grid
1307,0.86,2,0.85,2,grid
1308,0.91,2,0.85,2,grid
1309,0.88,3,0.85,3,grid
1310,0.89,2,0.85,2,grid
1311,0.91,2,0.85,2,grid
1312,0.93,2,0.85,2,grid
1313,0.86,2,0.85,2,grid
1314,0.87,1,0.85,2,grid
1315,1.0,0,0.95,2,grid
1316,0.89,3,0.85,3,grid
1317,0.83,2,0.75,2,grid
1318,0.88,2,0.85,2,grid
1319,0.85,3,0.85,3,grid
1320,0.93,2,0.85,2,grid
1321,0.85,2,0.85,2,grid
1322,0.81,3,0.75,3,grid
1323,0.86,2,0.85,2,grid
1324,0.9,1,0.85,2,grid
1325,0.86,2,0.85,2,grid
1326,0.91,2,0.85,2,grid
1327,0.92,1,0.85,2,grid
1328,1.0,0,0.95,2,grid
1329,0.87,2,0.85,2,grid
1330,0.92,2,0.85,2,grid
1331,0.85,2,0.85,2,grid
1332,0.85,2,0.85,2,grid
1333,0.94,1,0.85,2,grid
1334,0.83,2,0.75,2,grid
1335,0.85,2,0.85,2,grid
1336,0.91,2,0.85,2,grid
1337,0.87,2,0.85,2,grid
1338,0.9,2,0.85,2,grid
1339,0.94,1,0.85,2,grid
1340,0.89,1,0.85,2,grid
1341,0.94,1,0.85,2,grid
1342,0.9,1,0.85,2,grid
1343,0.93,2,0.85,2,grid
1344,0.88,2,0.85,2,grid
1345,0.92,2,0.85,2,grid
1346,0.87,3,0.85,3,grid
1347,0.97,2,0.95,2,grid
1348,0.89,2,0.85,2,grid
1349,0.85,1,0.85,2,grid
1350,0.92,1,0.85,2,grid
1351,0.89,1,0.85,2,grid
1352,0.87,1,0.85,2,grid
1353,0.88,1,0.85,2,grid
1354,0.95,1,0.95,2,grid
1355,0.92,2,0.85,2,grid
1356,0.9,2,0.85,2,grid
1357,0.87,2,0.85,2,grid
1358,0.86,2,0.85,2,grid
1359,0.86,2,0.85,2,grid
1360,0.9,2,0.85,2,grid
1361,0.89,1,0.85,2,grid
1362,0.95,1,0.95,2,grid
1363,0.9,2,0.85,2,grid
1364,0.92,2,0.85,2,grid
1365,0.93,2,0.85,2,grid
1366,0.96,1,0.95,2,grid
1367,0.87,2,0.85,2,grid
1368,0.86,2,0.85,2,grid
1369,0.82,2,0.75,2,grid
1370,0.85,4,0.85,5,grid
1371,0.86,2,0.85,2,grid
1372,0.81,3,0.75,3,grid
1373,0.76,3,0.75,3,grid
1374,0.88,2,0.85,2,grid
1375,0.88,2,0.85,2,grid
1376,0.89,2,0.85,2,grid
1377,0.83,3,0.75,3,grid
1378,0.93,1,0.85,2,grid
1379,0.92,1,0.85,2,grid
1380,0.83,1,0.75,2,grid
1381,0.93,2,0.85,2,grid
1382,0.87,2,0.85,2,grid
1383,0.93,1,0.85,2,grid
1384,0.88,3,0.85,3,grid
1385,0.79,3,0.75,3,grid
1386,0.81,3,0.75,3,grid
1387,0.9,1,0.85,2,grid
1388,0.88,1,0.85,2,grid
1389,0.91,1,0.85,2,grid
1390,0.9,1,0.85,2,grid
1391,0.88,1,0.85,2,grid
1392,0.9,1,0.85,2,grid
1393,0.89,1,0.85,2,grid
1394,0.89,1,0.85,2,grid
1395,0.9,1,0.85,2,grid
1396,0.97,1,0.95,2,grid
1397,0.91,2,0.85,2,grid
1398,0.89,1,0.85,2,grid
1399,0.91,1,0.85,2,grid
1400,0.93,1,0.85,2,grid
1401,0.89,1,0.85,2,grid
1402,0.89,1,0.85,2,grid
1403,0.87,1,0.85,2,grid
1404,0.87,2,0.85,2,grid
1405,0.91,1,0.85,2,grid
1406,0.89,1,0.85,2,grid
1407,0.87,1,0.85,2,grid
1408,0.91,1,0.85,2,grid
1409,0.95,1,0.95,2,grid
1410,0.92,1,0.85,2,grid
1411,0.91,1,0.85,2,grid
1412,0.95,1,0.95,2,grid
1413,0.9,3,0.85,3,grid
1414,0.82,2,0.75,2,grid
1415,0.91,3,0.85,3,grid
1416,0.85,2,0.85,2,grid
1417,0.96,1,0.95,2,grid
1418,0.92,1,0.85,2,grid
1419,0.8,2,0.75,2,grid
1420,0.88,3,0.85,3,grid
1421,0.91,1,0.85,2,grid
1422,0.9,2,0.85,2,grid
1423,0.88,1,0.85,2,grid
1424,0.9,1,0.85,2,grid
1425,0.91,1,0.85,2,grid
1426,0.87,2,0.85,2,grid
1427,0.89,3,0.85,3,grid
1428,0.95,1,0.95,2,grid
1429,0.83,3,0.75,3,grid
1430,0.92,2,0.85,2,grid
1431,0.95,1,0.95,2,grid
1432,0.89,3,0.85,3,grid
1433,0.86,2,0.85,2,grid
1434,0.95,1,0.95,2,grid
1435,0.75,6,0.75,10,grid
1436,0.95,2,0.95,2,grid
1437,0.87,2,0.85,2,grid
1438,0.88,2,0.85,2,grid
1439,0.89,1,0.85,2,grid
1440,0.91,2,0.85,2,grid
1441,0.91,2,0.85,2,grid
1442,0.93,1,0.85,2,grid
1443,0.97,1,0.95,2,grid
1444,0.96,1,0.95,2,grid
1445,0.93,2,0.85,2,grid
1446,0.85,1,0.85,2,grid
1447,0.87,4,0.85,5,grid
1448,0.86,2,0.85,2,grid
1449,0.95,2,0.95,2,grid
1450,0.9,2,0.85,2,grid
1451,0.94,1,0.85,2,grid
1452,0.92,1,0.85,2,grid
1453,0.95,2,0.95,2,grid
1454,0.88,2,0.85,2,grid
1455,0.89,2,0.85,2,grid
1456,0.93,1,0.85,2,grid
1457,0.87,1,0.85,2,grid
1458,0.93,1,0.85,2,grid
1459,0.9,1,0.85,2,grid
1460,0.89,1,0.85,2,grid
1461,0.92,1,0.85,2,grid
1462,0.92,1,0.85,2,grid
1463,0.93,2,0.85,2,grid
1464,0.88,2,0.85,2,grid
1465,0.88,1,0.85,2,grid
1466,0.91,1,0.85,2,grid
1467,0.88,2,0.85,2,grid
1468,0.88,3,0.85,3,grid
1469,0.87,2,0.85,2,grid
1470,0.9,1,0.85,2,grid
1471,0.86,2,0.85,2,grid
1472,0.88,2,0.85,2,grid
1473,0.92,1,0.85,2,grid
1474,0.89,2,0.85,2,grid
1475,0.92,2,0.85,2,grid
1476,0.89,2,0.85,2,grid
1477,0.88,1,0.85,2,grid
1478,0.85,3,0.85,3,grid
1479,0.92,1,0.85,2,grid
1480,0.92,1,0.85,2,grid
1481,0.9,1,0.85,2,grid
1482,0.89,2,0.85,2,grid
1483,0.88,1,0.85,2,grid
1484,0.94,1,0.85,2,grid
1485,0.9,2,0.85,2,grid
1486,0.9,2,0.85,2,grid
1487,0.91,1,0.85,2,grid
1488,0.94,1,0.85,2,grid
1489,0.94,1,0.85,2,grid
1490,0.87,1,0.85,2,grid
1491,0.89,2,0.85,2,grid
1492,0.94,1,0.85,2,grid
1493,0.93,2,0.85,2,grid
1494,0.87,2,0.85,2,grid
1495,0.88,1,0.85,2,grid
1496,0.9,1,0.85,2,grid
1497,0.89,1,0.85,2,grid
1498,0.9,1,0.85,2,grid
1499,0.87,1,0.85,2,grid
1500,0.89,1,0.85,2,grid
1501,0.87,1,0.85,2,grid
1502,0.89,2,0.85,2,grid
1503,0.88,1,0.85,2,grid
1504,0.89,1,0.85,2,grid
1505,0.86,1,0.85,2,grid
1506,0.87,1,0.85,2,grid
1507,0.74,15,0.65,20,grid
1508,0.88,1,0.85,2,grid
1509,0.67,19,0.65,20,grid
1510,0.88,1,0.85,2,grid
1511,0.87,2,0.85,2,grid
1512,0.87,2,0.85,2,grid
1513,0.86,1,0.85,2,grid
1514,0.87,1,0.85,2,grid
1515,0.89,1,0.85,2,grid
1516,0.88,2,0.85,2,grid
1517,0.87,1,0.85,2,grid
1518,0.89,1,0.85,2,grid
1519,0.9,1,0.85,2,grid
1520,0.88,1,0.85,2,grid
1521,0.88,2,0.85,2,grid
1522,0.91,1,0.85,2,grid
1523,0.89,1,0.85,2,grid
1524,0.92,1,0.85,2,grid
1525,0.9,2,0.85,2,grid
1526,0.93,1,0.85,2,grid
1527,0.98,1,0.95,2,grid
1528,0.88,2,0.85,2,grid
1529,0.9,1,0.85,2,grid
1530,0.98,1,0.95,2,grid
1531,0.96,1,0.95,2,grid
1532,0.96,1,0.95,2,grid
1533,0.95,1,0.95,2,grid
1534,0.96,1,0.95,2,grid
1535,0.98,1,0.95,2,grid
1536,0.94,1,0.85,2,grid
1537,0.91,1,0.85,2,grid
1538,0.88,1,0.85,2,grid
1539,0.87,2,0.85,2,grid
1540,0.9,1,0.85,2,grid
1541,0.94,3,0.85,3,grid
1542,0.89,2,0.85,2,grid
1543,0.91,1,0.85,2,grid
1544,0.99,1,0.95,2,grid
1545,0.93,1,0.85,2,grid
1546,0.97,1,0.95,2,grid
1547,0.93,2,0.85,2,grid
1548,0.96,1,0.95,2,grid
1549,0.9,1,0.85,2,grid
1550,0.97,1,0.95,2,grid
1551,0.85,2,0.85,2,grid
1552,0.91,1,0.85,2,grid
1553,0.93,1,0.85,2,grid
1554,0.85,2,0.85,2,grid
1555,0.92,1,0.85,2,grid
1556,0.96,2,0.95,2,grid
1557,0.83,2,0.75,2,grid
1558,0.92,1,0.85,2,grid
1559,0.92,2,0.85,2,grid
1560,0.97,1,0.95,2,grid
1561,0.97,1,0.95,2,grid
1562,0.91,1,0.85,2,grid
1563,0.92,2,0.85,2,grid
1564,0.93,2,0.85,2,grid
1565,0.92,1,0.85,2,grid
1566,0.9,1,0.85,2,grid
1567,0.97,1,0.95,2,grid
1568,0.99,1,0.95,2,grid
1569,0.91,2,0.85,2,grid
1570,0.87,2,0.85,2,grid
1571,0.89,2,0.85,2,grid
1572,0.94,1,0.85,2,grid
1573,0.78,3,0.75,3,grid
1574,0.63,6,0.55,10,grid
1575,0.22,21,SAT,40,sat_worst
1576,0.18,44,SAT,SAT,sat_worst
1577,0.13,31,SAT,40,sat_worst
1578,0.83,5,0.75,5,grid
1579,0.93,1,0.85,2,grid
1580,0.94,1,0.85,2,grid
1581,0.9,3,0.85,3,grid
1582,0.9,3,0.85,3,grid
1583,0.97,1,0.95,2,grid
1584,0.92,1,0.85,2,grid
1585,0.91,2,0.85,2,grid
1586,0.87,1,0.85,2,grid
1587,0.82,3,0.75,3,grid
1588,0.93,2,0.85,2,grid
1589,0.91,1,0.85,2,grid
1590,0.73,5,0.65,5,grid
1591,0.46,32,0.45,40,grid
1592,0.2,20,SAT,20,sat_worst
1593,0.42,20,SAT,20,sat_worst
1594,0.21,55,SAT,SAT,sat_worst
1595,0.9,1,0.85,2,grid
1596,0.82,8,0.75,10,grid
1597,0.88,2,0.85,2,grid
1598,0.91,1,0.85,2,grid
1599,0.93,2,0.85,2,grid
1600,0.87,2,0.85,2,grid
1601,0.91,1,0.85,2,grid
1602,0.91,1,0.85,2,grid
1603,0.91,3,0.85,3,grid
1604,0.71,4,0.65,5,grid
1605,0.65,9,0.65,10,grid
1606,0.2,25,SAT,40,sat_worst
1607,0.79,6,0.75,10,grid
1608,0.77,3,0.75,3,grid
1609,0.14,32,SAT,40,sat_worst
1610,0.07,36,SAT,40,sat_worst
1611,0.28,22,SAT,40,sat_worst
1612,0.21,25,SAT,40,sat_worst
1613,0.58,13,0.55,20,grid
1614,0.85,2,0.85,2,grid
1615,0.42,41,SAT,SAT,sat_worst
1616,0.0,100,SAT,SAT,sat_worst
1617,0.41,34,SAT,40,sat_worst
1618,0.84,4,0.75,5,grid
1619,0.91,1,0.85,2,grid
1620,0.91,2,0.85,2,grid
1621,0.57,17,0.55,20,grid
1622,0.33,40,SAT,40,sat_worst
1623,0.32,14,SAT,20,sat_worst
1624,0.06,56,SAT,SAT,sat_worst
1625,0.02,63,SAT,SAT,sat_worst
1626,0.19,56,SAT,SAT,sat_worst
1627,0.46,18,0.45,20,grid
1628,0.1,38,SAT,40,sat_worst
1629,0.24,52,SAT,SAT,sat_worst
1630,0.81,4,0.75,5,grid
1631,0.11,87,SAT,SAT,sat_worst
1632,0.22,78,SAT,SAT,sat_worst
1633,0.95,1,0.95,2,grid
1634,0.9,3,0.85,3,grid
1635,0.77,5,0.75,5,grid
1636,0.89,1,0.85,2,grid
1637,0.97,1,0.95,2,grid
1638,0.78,11,0.75,20,grid
1639,0.96,1,0.95,2,grid
1640,0.98,1,0.95,2,grid
1641,0.82,2,0.75,2,grid
1642,0.88,3,0.85,3,grid
1643,0.89,2,0.85,2,grid
1644,0.81,4,0.75,5,grid
1645,0.41,18,SAT,20,sat_worst
1646,0.8,5,0.75,5,grid
1647,0.86,2,0.85,2,grid
1648,0.89,2,0.85,2,grid
1649,0.92,1,0.85,2,grid
1650,0.87,2,0.85,2,grid
1651,0.92,1,0.85,2,grid
1652,0.91,2,0.85,2,grid
1653,0.89,1,0.85,2,grid
1654,0.87,2,0.85,2,grid
1655,0.97,1,0.95,2,grid
1656,0.89,1,0.85,2,grid
1657,0.91,1,0.85,2,grid
1658,0.88,3,0.85,3,grid
1659,0.92,2,0.85,2,grid
1660,0.86,2,0.85,2,grid
1661,0.91,1,0.85,2,grid
1662,0.87,2,0.85,2,grid
1663,0.9,2,0.85,2,grid
1664,0.96,2,0.95,2,grid
1665,0.89,1,0.85,2,grid
1666,0.87,1,0.85,2,grid
1667,0.89,2,0.85,2,grid
1668,0.95,1,0.95,2,grid
1669,0.91,2,0.85,2,grid
1670,0.9,2,0.85,2,grid
1671,0.9,1,0.85,2,grid
1672,0.92,1,0.85,2,grid
1673,0.79,4,0.75,5,grid
1674,0.85,1,0.85,2,grid
1675,0.87,1,0.85,2,grid
1676,0.94,1,0.85,2,grid
1677,0.95,2,0.95,2,grid
1678,0.86,2,0.85,2,grid
1679,0.65,10,0.65,10,grid
1680,0.17,57,SAT,SAT,sat_worst
1681,0.85,3,0.85,3,grid
1682,0.95,1,0.95,2,grid
1683,0.98,1,0.95,2,grid
1684,0.87,1,0.85,2,grid
1685,0.88,4,0.85,5,grid
1686,0.89,1,0.85,2,grid
1687,0.96,1,0.95,2,grid
1688,0.94,2,0.85,2,grid
1689,0.88,2,0.85,2,grid
1690,0.95,1,0.95,2,grid
1691,0.87,3,0.85,3,grid
1692,0.97,1,0.95,2,grid
1693,0.93,2,0.85,2,grid
1694,0.94,1,0.85,2,grid
1695,0.91,2,0.85,2,grid
1696,0.95,1,0.95,2,grid
1697,0.88,1,0.85,2,grid
1698,0.96,1,0.95,2,grid
1699,0.92,2,0.85,2,grid
1700,0.81,4,0.75,5,grid
1701,0.97,1,0.95,2,grid
1702,0.93,2,0.85,2,grid
1703,0.98,1,0.95,2,grid
1704,0.82,4,0.75,5,grid
1705,0.9,3,0.85,3,grid
1706,0.94,1,0.85,2,grid
1707,0.87,2,0.85,2,grid
1708,0.94,1,0.85,2,grid
1709,0.9,2,0.85,2,grid
1710,0.94,1,0.85,2,grid
1711,0.93,2,0.85,2,grid
1712,0.88,4,0.85,5,grid
1713,0.95,1,0.95,2,grid
1714,0.96,1,0.95,2,grid
1715,0.88,3,0.85,3,grid
1716,0.88,2,0.85,2,grid
1717,0.89,1,0.85,2,grid
1718,0.96,1,0.95,2,grid
1719,0.9,2,0.85,2,grid
1720,0.87,3,0.85,3,grid
1721,0.9,1,0.85,2,grid
1722,0.9,2,0.85,2,grid
1723,0.93,2,0.85,2,grid
1724,0.94,1,0.85,2,grid
1725,0.86,3,0.85,3,grid
1726,0.88,2,0.85,2,grid
1727,0.95,1,0.95,2,grid
1728,0.93,2,0.85,2,grid
1729,0.9,2,0.85,2,grid
1730,0.89,2,0.85,2,grid
1731,0.85,2,0.85,2,grid
1732,0.89,1,0.85,2,grid
1733,0.89,2,0.85,2,grid
1734,0.85,3,0.85,3,grid
1735,0.95,1,0.95,2,grid
1736,0.88,1,0.85,2,grid
1737,0.85,1,0.85,2,grid
1738,0.88,1,0.85,2,grid
1739,0.91,2,0.85,2,grid
1740,0.92,2,0.85,2,grid
1741,0.89,4,0.85,5,grid
1742,0.85,4,0.85,5,grid
1743,0.96,1,0.95,2,grid
1744,0.92,2,0.85,2,grid
1745,0.83,2,0.75,2,grid
1746,0.92,1,0.85,2,grid
1747,0.89,2,0.85,2,grid
1748,0.95,1,0.95,2,grid
1749,0.92,2,0.85,2,grid
1750,0.96,1,0.95,2,grid
1751,0.89,2,0.85,2,grid
1752,0.91,2,0.85,2,grid
1753,0.91,2,0.85,2,grid
1754,0.93,2,0.85,2,grid
1755,0.97,1,0.95,2,grid
1756,0.93,1,0.85,2,grid
1757,0.89,1,0.85,2,grid
1758,0.9,1,0.85,2,grid
1759,0.9,2,0.85,2,grid
1760,0.95,1,0.95,2,grid
1761,0.93,2,0.85,2,grid
1762,0.97,1,0.95,2,grid
1763,0.88,2,0.85,2,grid
1764,0.89,1,0.85,2,grid
1765,0.92,2,0.85,2,grid
1766,0.91,1,0.85,2,grid
1767,0.87,2,0.85,2,grid
1768,0.83,3,0.75,3,grid
1769,0.88,2,0.85,2,grid
1770,0.93,1,0.85,2,grid
1771,0.89,2,0.85,2,grid
1772,0.9,1,0.85,2,grid
1773,0.95,1,0.95,2,grid
1774,0.88,2,0.85,2,grid
1775,0.88,1,0.85,2,grid
1776,0.93,1,0.85,2,grid
1777,0.93,1,0.85,2,grid
1778,0.86,1,0.85,2,grid
1779,0.9,1,0.85,2,grid
1780,0.9,5,0.85,5,grid
1781,0.97,1,0.95,2,grid
1782,0.95,1,0.95,2,grid
1783,0.98,1,0.95,2,grid
1784,0.91,2,0.85,2,grid
1785,0.87,2,0.85,2,grid
1786,0.9,1,0.85,2,grid
1787,0.93,1,0.85,2,grid
1788,0.89,1,0.85,2,grid
1789,0.97,1,0.95,2,grid
1790,0.9,1,0.85,2,grid
1791,0.92,1,0.85,2,grid
1792,0.88,2,0.85,2,grid
1793,0.92,2,0.85,2,grid
1794,0.93,2,0.85,2,grid
1795,0.97,1,0.95,2,grid
1796,0.98,1,0.95,2,grid
1797,0.89,2,0.85,2,grid
1798,0.84,2,0.75,2,grid
1799,0.95,1,0.95,2,grid
1800,0.9,2,0.85,2,grid
1801,0.92,1,0.85,2,grid
1802,0.92,1,0.85,2,grid
1803,0.86,1,0.85,2,grid
1804,0.95,2,0.95,2,grid
1805,0.96,1,0.95,2,grid
1806,0.87,3,0.85,3,grid
1807,0.88,1,0.85,2,grid
1808,0.91,2,0.85,2,grid
1809,0.86,3,0.85,3,grid
1810,0.92,3,0.85,3,grid
1811,0.85,2,0.85,2,grid
1812,0.86,3,0.85,3,grid
1813,0.89,1,0.85,2,grid
1814,0.92,1,0.85,2,grid
1815,0.89,1,0.85,2,grid
1816,0.95,1,0.95,2,grid
1817,0.89,1,0.85,2,grid
1818,0.92,2,0.85,2,grid
1819,0.87,3,0.85,3,grid
1820,0.9,1,0.85,2,grid
1821,0.93,1,0.85,2,grid
1822,0.95,1,0.95,2,grid
1823,0.95,1,0.95,2,grid
1824,0.93,1,0.85,2,grid
1825,0.94,1,0.85,2,grid
1826,0.87,2,0.85,2,grid
1827,0.89,2,0.85,2,grid
1828,0.87,3,0.85,3,grid
1829,0.89,2,0.85,2,grid
1830,0.94,1,0.85,2,grid
1831,0.88,1,0.85,2,grid
1832,0.97,1,0.95,2,grid
1833,0.93,1,0.85,2,grid
1834,0.88,2,0.85,2,grid
1835,0.93,2,0.85,2,grid
1836,0.84,3,0.75,3,grid
1837,0.93,2,0.85,2,grid
1838,0.94,1,0.85,2,grid
1839,0.92,1,0.85,2,grid
1840,0.88,2,0.85,2,grid
1841,0.96,2,0.95,2,grid
1842,0.92,1,0.85,2,grid
1843,0.91,1,0.85,2,grid
1844,0.87,2,0.85,2,grid
1845,0.94,2,0.85,2,grid
1846,0.98,1,0.95,2,grid
1847,0.9,1,0.85,2,grid
1848,0.91,2,0.85,2,grid
1849,0.94,1,0.85,2,grid
1850,0.93,1,0.85,2,grid
1851,0.94,2,0.85,2,grid
1852,0.92,1,0.85,2,grid
1853,0.91,1,0.85,2,grid
1854,0.9,1,0.85,2,grid
1855,0.92,1,0.85,2,grid
1856,0.95,1,0.95,2,grid
1857,0.85,2,0.85,2,grid
1858,0.93,2,0.85,2,grid
1859,0.97,1,0.95,2,grid
1860,0.83,2,0.75,2,grid
1861,0.92,2,0.85,2,grid
1862,0.96,1,0.95,2,grid
1863,0.94,1,0.85,2,grid
1864,0.93,3,0.85,3,grid
1865,0.83,3,0.75,3,grid
1866,0.94,1,0.85,2,grid
1867,0.94,2,0.85,2,grid
1868,0.95,1,0.95,2,grid
1869,0.86,2,0.85,2,grid
1870,0.92,1,0.85,2,grid
1871,0.89,1,0.85,2,grid
1872,0.97,1,0.95,2,grid
1873,0.89,1,0.85,2,grid
1874,0.96,1,0.95,2,grid
1875,0.96,1,0.95,2,grid
1876,0.87,2,0.85,2,grid
1877,0.97,1,0.95,2,grid
1878,0.89,3,0.85,3,grid
1879,0.89,2,0.85,2,grid
1880,0.99,1,0.95,2,grid
1881,0.99,1,0.95,2,grid
1882,0.87,2,0.85,2,grid
1883,0.86,1,0.85,2,grid
1884,0.86,1,0.85,2,grid
1885,0.89,1,0.85,2,grid
1886,0.95,1,0.95,2,grid
1887,0.93,1,0.85,2,grid
1888,0.92,1,0.85,2,grid
1889,0.96,1,0.95,2,grid
1890,0.91,4,0.85,5,grid
1891,0.94,1,0.85,2,grid
1892,0.9,1,0.85,2,grid
1893,1.0,0,0.95,2,grid
1894,0.97,1,0.95,2,grid
1895,0.96,1,0.95,2,grid
1896,0.93,1,0.85,2,grid
1897,0.95,1,0.95,2,grid
1898,0.96,2,0.95,2,grid
1899,0.9,1,0.85,2,grid
1900,0.98,1,0.95,2,grid
1901,0.86,2,0.85,2,grid
1902,0.89,1,0.85,2,grid
1903,0.94,2,0.85,2,grid
1904,0.97,1,0.95,2,grid
1905,0.9,2,0.85,2,grid
1906,0.91,1,0.85,2,grid
1907,0.86,3,0.85,3,grid
1908,0.94,2,0.85,2,grid
1909,0.91,2,0.85,2,grid
1910,0.93,1,0.85,2,grid
1911,0.92,3,0.85,3,grid
1912,0.98,1,0.95,2,grid
1913,0.89,1,0.85,2,grid
1914,0.9,1,0.85,2,grid
1915,0.9,1,0.85,2,grid
1916,0.89,3,0.85,3,grid
1917,0.9,1,0.85,2,grid
1918,0.89,1,0.85,2,grid
1919,0.92,1,0.85,2,grid
1920,0.91,1,0.85,2,grid
1921,0.87,1,0.85,2,grid
1922,0.93,2,0.85,2,grid
1923,0.95,1,0.95,2,grid
1924,0.94,2,0.85,2,grid
1925,0.9,2,0.85,2,grid
1926,0.89,1,0.85,2,grid
1927,0.89,1,0.85,2,grid
1928,0.9,1,0.85,2,grid
1929,0.89,1,0.85,2,grid
1930,0.85,2,0.85,2,grid
1931,0.9,1,0.85,2,grid
1932,0.94,1,0.85,2,grid
1933,0.94,1,0.85,2,grid
1934,0.91,1,0.85,2,grid
1935,0.93,2,0.85,2,grid
1936,0.9,2,0.85,2,grid
1937,0.95,1,0.95,2,grid
1938,0.93,2,0.85,2,grid
1939,0.84,1,0.75,2,grid
1940,0.89,1,0.85,2,grid
1941,0.9,1,0.85,2,grid
1942,0.95,1,0.95,2,grid
1943,0.93,2,0.85,2,grid
1944,0.93,2,0.85,2,grid
1945,0.95,1,0.95,2,grid
1946,0.93,1,0.85,2,grid
1947,0.94,2,0.85,2,grid
1948,0.88,1,0.85,2,grid
1949,0.94,1,0.85,2,grid
1950,0.93,2,0.85,2,grid
1951,0.94,2,0.85,2,grid
1952,0.8,3,0.75,3,grid
1953,0.86,2,0.85,2,grid
1954,0.88,1,0.85,2,grid
1955,0.93,1,0.85,2,grid
1956,0.93,1,0.85,2,grid
1957,0.97,1,0.95,2,grid
1958,0.95,1,0.95,2,grid
1959,0.87,1,0.85,2,grid
1960,0.89,1,0.85,2,grid
1961,0.91,1,0.85,2,grid
1962,0.94,1,0.85,2,grid
1963,0.84,2,0.75,2,grid
1964,0.98,1,0.95,2,grid
1965,0.84,3,0.75,3,grid
1966,0.94,1,0.85,2,grid
1967,0.92,1,0.85,2,grid
1968,0.89,1,0.85,2,grid
1969,0.87,1,0.85,2,grid
1970,0.88,1,0.85,2,grid
1971,0.88,1,0.85,2,grid
1972,0.89,2,0.85,2,grid
1973,0.86,3,0.85,3,grid
1974,0.97,1,0.95,2,grid
1975,0.9,1,0.85,2,grid
1976,0.85,2,0.85,2,grid
1977,0.89,1,0.85,2,grid
1978,0.88,2,0.85,2,grid
1979,0.89,2,0.85,2,grid
1980,0.99,1,0.95,2,grid
1981,0.99,1,0.95,2,grid
1982,0.85,2,0.85,2,grid
1983,0.96,1,0.95,2,grid
1984,0.97,1,0.95,2,grid
1985,0.92,2,0.85,2,grid
1986,0.89,2,0.85,2,grid
1987,0.87,3,0.85,3,grid
1988,0.89,1,0.85,2,grid
1989,0.91,2,0.85,2,grid
1990,0.9,1,0.85,2,grid
1991,0.9,1,0.85,2,grid
1992,0.9,2,0.85,2,grid
1993,0.97,1,0.95,2,grid
1994,0.86,3,0.85,3,grid
1995,0.91,1,0.85,2,grid
1996,0.92,2,0.85,2,grid
1997,0.95,1,0.95,2,grid
1998,0.91,2,0.85,2,grid
1999,0.89,2,0.85,2,grid
2000,0.96,1,0.95,2,grid
2001,0.9,2,0.85,2,grid
2002,0.87,1,0.85,2,grid
2003,0.9,1,0.85,2,grid
2004,0.94,1,0.85,2,grid
2005,0.68,10,0.65,10,grid
2006,0.18,70,SAT,SAT,sat_worst
2007,0.64,20,0.55,20,grid
2008,0.93,2,0.85,2,grid
2009,0.9,1,0.85,2,grid
2010,0.93,1,0.85,2,grid
2011,0.91,1,0.85,2,grid
2012,0.9,1,0.85,2,grid
2013,0.9,3,0.85,3,grid
2014,0.96,1,0.95,2,grid
2015,0.92,1,0.85,2,grid
2016,0.88,2,0.85,2,grid
2017,0.92,1,0.85,2,grid
2018,0.89,2,0.85,2,grid
2019,0.93,1,0.85,2,grid
2020,0.92,2,0.85,2,grid
2021,0.89,1,0.85,2,grid
2022,0.92,2,0.85,2,grid
2023,0.87,1,0.85,2,grid
2024,0.97,1,0.95,2,grid
2025,0.89,1,0.85,2,grid
2026,0.85,2,0.85,2,grid
2027,0.95,2,0.95,2,grid
2028,0.94,1,0.85,2,grid
2029,0.91,1,0.85,2,grid
2030,0.9,1,0.85,2,grid
2031,0.88,1,0.85,2,grid
2032,0.93,1,0.85,2,grid
2033,0.91,2,0.85,2,grid
2034,0.67,7,0.65,10,grid
2035,0.55,40,0.55,40,grid
2036,0.75,8,0.75,10,grid
2037,0.02,96,SAT,SAT,sat_worst
2038,0.35,34,SAT,40,sat_worst
2039,0.66,8,0.65,10,grid
2040,0.9,2,0.85,2,grid
2041,0.96,2,0.95,2,grid
2042,0.88,1,0.85,2,grid
2043,0.9,1,0.85,2,grid
2044,0.94,1,0.85,2,grid
2045,0.89,1,0.85,2,grid
2046,0.97,1,0.95,2,grid
2047,0.99,1,0.95,2,grid
2048,0.89,2,0.85,2,grid
2049,0.92,2,0.85,2,grid
2050,0.97,1,0.95,2,grid
2051,0.91,3,0.85,3,grid
2052,0.88,1,0.85,2,grid
2053,0.95,1,0.95,2,grid
2054,0.87,2,0.85,2,grid
2055,0.85,2,0.85,2,grid
2056,0.99,1,0.95,2,grid
2057,0.92,1,0.85,2,grid
2058,0.87,2,0.85,2,grid
2059,0.9,2,0.85,2,grid
2060,0.93,2,0.85,2,grid
2061,0.86,1,0.85,2,grid
2062,0.94,2,0.85,2,grid
2063,0.92,1,0.85,2,grid
2064,0.93,2,0.85,2,grid
2065,0.89,1,0.85,2,grid
2066,0.89,1,0.85,2,grid
2067,0.95,1,0.95,2,grid
2068,0.93,2,0.85,2,grid
2069,0.9,1,0.85,2,grid
2070,0.95,1,0.95,2,grid
2071,0.89,1,0.85,2,grid
2072,0.9,1,0.85,2,grid
2073,0.89,2,0.85,2,grid
2074,0.88,1,0.85,2,grid
2075,0.85,4,0.85,5,grid
2076,0.88,2,0.85,2,grid
2077,0.97,1,0.95,2,grid
2078,0.83,4,0.75,5,grid
2079,0.99,1,0.95,2,grid
2080,0.85,3,0.85,3,grid
2081,0.91,2,0.85,2,grid
2082,0.92,1,0.85,2,grid
2083,0.87,2,0.85,2,grid
2084,0.89,1,0.85,2,grid
2085,0.92,1,0.85,2,grid
2086,0.94,1,0.85,2,grid
2087,0.94,1,0.85,2,grid
2088,0.85,2,0.85,2,grid
2089,0.87,3,0.85,3,grid
2090,0.94,1,0.85,2,grid
2091,0.81,2,0.75,2,grid
2092,0.93,1,0.85,2,grid
2093,0.93,1,0.85,2,grid
2094,0.89,1,0.85,2,grid
2095,0.89,1,0.85,2,grid
2096,0.88,2,0.85,2,grid
2097,0.86,2,0.85,2,grid
