Window_ID,Time_sec,PDR,Max_Burst,speed_kmh,status
1,37265.9425,0.88,1,0.0,Stopped
2,37265.99301,0.92,1,0.0,Stopped
3,37266.1185,0.91,1,0.0,Stopped
4,37266.169,0.9,2,0.0,Stopped
5,37266.29549,0.91,4,0.0,Stopped
6,37266.3455,0.92,2,0.0,Stopped
7,37266.46399,0.93,2,0.0,Stopped
8,37266.51599,0.92,3,0.0,Stopped
9,37266.63799,0.88,2,0.0,Stopped
10,37266.68999,0.88,2,0.0,Stopped
11,37266.82848,0.9,1,0.0,Stopped
12,37266.87549,0.97,2,0.0,Stopped
13,37267.00548,0.88,2,0.0,Stopped
14,37267.05198,0.91,2,0.0,Stopped
15,37267.17748,0.83,2,0.0,Stopped
16,37267.2865,0.91,1,0.0,Stopped
17,37267.33598,0.94,2,0.0,Stopped
18,37267.45249,0.96,1,0.0,Stopped
19,37267.50149,0.94,1,0.0,Stopped
20,37267.63553,0.95,1,0.0,Stopped
21,37267.68399,0.91,1,0.0,Stopped
22,37267.80601,0.89,1,0.0,Stopped
23,37267.85598,0.81,2,0.0,Stopped
24,37267.97301,0.95,1,0.0,Stopped
25,37268.0225,0.87,2,0.0,Stopped
26,37268.14099,0.91,1,0.0,Stopped
27,37268.19048,0.91,1,0.0,Stopped
28,37268.306,0.95,1,0.0,Stopped
29,37268.356,0.83,2,0.0,Stopped
30,37268.46952,0.93,1,0.0,Stopped
31,37268.51999,0.93,2,0.0,Stopped
32,37268.65449,0.9,3,0.0,Stopped
33,37268.70151,0.87,4,0.0,Stopped
34,37268.8195,0.91,2,0.0,Stopped
35,37268.867,0.95,2,0.0,Stopped
36,37268.98249,0.83,3,0.0,Stopped
37,37269.0295,0.79,2,0.0,Stopped
38,37269.148,0.77,2,0.0,Stopped
39,37269.20149,0.77,4,0.0,Stopped
40,37269.3185,0.8,5,0.0,Stopped
41,37269.3655,0.86,5,0.0,Stopped
42,37269.5165,0.92,2,0.0,Stopped
43,37269.6258,0.98,1,0.0,Stopped
44,37269.6765,0.9,1,0.0,Stopped
45,37269.79299,0.85,2,0.0,Stopped
46,37269.84251,0.87,2,0.0,Stopped
47,37269.95749,0.81,3,0.0,Stopped
48,37270.00552,0.81,3,0.0,Stopped
49,37270.12299,0.8,3,0.0,Stopped
50,37270.17399,0.8,3,0.0,Stopped
51,37270.29049,0.84,2,0.0,Stopped
52,37270.3395,0.84,2,0.0,Stopped
53,37270.47649,0.87,3,0.0,Stopped
54,37270.52549,0.76,3,0.0,Stopped
55,37270.64299,0.93,1,0.0,Stopped
56,37270.692,0.97,1,0.0,Stopped
57,37270.8115,0.95,2,0.0,Stopped
58,37270.861,0.97,2,0.0,Stopped
59,37270.98049,0.84,2,0.0,Stopped
60,37271.03349,0.8,2,0.0,Stopped
61,37271.1495,0.73,3,0.1,Stopped
62,37271.19748,0.88,2,0.1,Stopped
63,37271.3395,0.88,3,0.1,Stopped
64,37271.39,0.91,2,0.1,Stopped
65,37271.5085,0.92,1,0.1,Stopped
66,37271.558,0.94,1,0.1,Stopped
67,37271.68201,0.94,1,0.1,Stopped
68,37271.731,0.93,1,0.1,Stopped
69,37271.84652,0.97,1,0.1,Stopped
70,37271.89401,0.87,2,0.1,Stopped
71,37272.01349,0.81,3,0.1,Stopped
72,37272.13179,0.92,1,0.1,Stopped
73,37272.18299,0.78,4,0.1,Stopped
74,37272.31749,0.94,1,0.1,Stopped
75,37272.3655,0.98,1,0.1,Stopped
76,37272.482,0.94,1,0.1,Stopped
77,37272.53299,0.81,2,0.1,Stopped
78,37272.6475,0.9,3,0.1,Stopped
79,37272.70099,0.86,3,0.1,Stopped
80,37272.82649,0.9,1,0.1,Stopped
81,37272.87399,0.83,2,0.1,Stopped
82,37273.00399,0.85,2,0.1,Stopped
83,37273.0555,0.88,2,0.1,Stopped
84,37273.19198,0.85,2,0.1,Stopped
85,37273.24149,0.99,1,0.1,Stopped
86,37273.355,1.0,0,0.1,Stopped
87,37273.4045,0.97,1,0.1,Stopped
88,37273.52049,0.92,1,0.1,Stopped
89,37273.57,0.94,2,0.1,Stopped
90,37273.68303,0.9,2,0.1,Stopped
91,37273.7305,0.93,1,0.1,Stopped
92,37273.84799,0.91,1,0.1,Stopped
93,37273.8975,0.91,1,0.1,Stopped
94,37274.018,0.88,1,0.1,Stopped
95,37274.068,0.92,1,0.1,Stopped
96,37274.19898,0.88,1,0.0,Stopped
97,37274.33105,0.86,1,0.0,Stopped
98,37274.38056,0.95,1,0.0,Stopped
99,37274.4915,0.96,2,0.0,Stopped
100,37274.54101,0.94,1,0.0,Stopped
101,37274.65852,0.9,2,0.0,Stopped
102,37274.708,0.77,3,0.1,Stopped
103,37274.8255,0.91,1,0.1,Stopped
104,37274.87502,0.94,2,0.1,Stopped
105,37275.01051,0.91,3,0.1,Stopped
106,37275.0585,0.89,2,0.1,Stopped
107,37275.176,0.82,5,0.3,Stopped
108,37275.22249,0.87,3,0.3,Stopped
109,37275.34249,0.8,3,0.3,Stopped
110,37275.3945,0.87,2,0.4,Stopped
111,37275.51249,0.88,2,0.4,Stopped
112,37275.563,0.84,2,0.5,Stopped
113,37275.68051,0.79,2,0.7,Stopped
114,37275.72949,0.82,2,0.7,Stopped
115,37275.84999,0.93,2,0.7,Stopped
116,37275.89899,0.95,1,0.8,Stopped
117,37276.03349,0.87,2,0.8,Stopped
118,37276.08414,0.86,2,0.8,Stopped
119,37276.19698,0.78,4,1.1,Stopped
120,37276.2485,0.86,2,1.1,Stopped
121,37276.35949,0.73,4,1.2,Stopped
122,37276.411,0.85,3,1.2,Stopped
123,37276.54699,0.84,3,1.5,Stopped
124,37276.67337,0.88,2,1.5,Stopped
125,37276.72299,0.94,2,1.7,Stopped
126,37276.8595,0.8,2,2.0,Stopped
127,37276.9065,0.89,1,2.0,Stopped
128,37277.0215,0.97,1,2.0,Stopped
129,37277.0705,0.9,2,2.0,Stopped
130,37277.18698,0.9,2,2.3,Stopped
131,37277.23747,0.94,2,2.3,Stopped
132,37277.3485,0.86,2,2.6,Stopped
133,37277.40001,0.84,2,2.5,Stopped
134,37277.519,0.88,3,2.6,Stopped
135,37277.56949,0.84,2,2.9,Stopped
136,37277.687,0.86,2,3.1,Driving
137,37277.73901,0.83,2,3.1,Driving
138,37277.87501,0.83,2,3.6,Driving
139,37277.92601,0.86,2,3.7,Driving
140,37278.056,0.95,1,4.0,Driving
141,37278.1055,0.97,1,4.0,Driving
142,37278.2225,0.92,2,3.9,Driving
143,37278.27052,0.93,2,3.8,Driving
144,37278.39049,0.72,2,4.1,Driving
145,37278.445,0.8,3,4.1,Driving
146,37278.555,0.86,2,4.5,Driving
147,37278.60201,0.74,4,4.5,Driving
148,37278.7385,0.84,3,4.9,Driving
149,37278.791,0.8,3,5.0,Driving
150,37278.90549,0.85,2,5.4,Driving
151,37278.95299,0.87,3,5.4,Driving
152,37279.0685,0.92,1,5.9,Driving
153,37279.18487,0.93,2,5.7,Driving
154,37279.23249,0.91,1,5.6,Driving
155,37279.34999,0.83,3,6.3,Driving
156,37279.40099,0.82,2,6.2,Driving
157,37279.53801,0.85,2,6.4,Driving
158,37279.58849,0.85,3,6.8,Driving
159,37279.7295,0.77,4,6.6,Driving
160,37279.78099,0.8,3,6.6,Driving
161,37279.899,0.81,3,6.8,Driving
162,37279.947,0.85,2,6.8,Driving
163,37280.0625,0.81,2,7.5,Driving
164,37280.11301,0.9,1,7.2,Driving
165,37280.22698,0.94,2,7.9,Driving
166,37280.276,0.99,1,7.9,Driving
167,37280.3905,0.97,1,8.3,Driving
168,37280.44051,0.85,2,8.3,Driving
169,37280.57321,0.79,2,8.6,Driving
170,37280.622,0.84,2,8.5,Driving
171,37280.7365,0.79,3,8.3,Driving
172,37280.78301,0.86,2,8.5,Driving
173,37280.90051,0.68,6,8.4,Driving
174,37280.95301,0.81,2,8.6,Driving
175,37281.069,0.85,1,8.8,Driving
176,37281.1215,0.8,3,8.8,Driving
177,37281.24049,0.93,1,9.6,Driving
178,37281.2885,0.91,1,9.2,Driving
179,37281.414,0.91,1,10.2,Driving
180,37281.46149,0.84,5,10.2,Driving
181,37281.60049,0.87,3,10.6,Driving
182,37281.72599,0.89,4,10.0,Driving
183,37281.77149,0.91,2,10.0,Driving
184,37281.88649,0.87,1,10.9,Driving
185,37281.93849,0.83,2,10.5,Driving
186,37282.05249,0.87,1,11.1,Driving
187,37282.10199,0.85,2,11.1,Driving
188,37282.22098,0.98,1,12.3,Driving
189,37282.26899,0.91,1,12.3,Driving
190,37282.40298,0.93,2,12.7,Driving
191,37282.45349,0.94,1,12.7,Driving
192,37282.57298,0.95,2,12.8,Driving
193,37282.6225,0.95,1,12.8,Driving
194,37282.73899,0.77,2,12.8,Driving
195,37282.78949,0.98,1,13.5,Driving
196,37282.90649,0.92,1,13.5,Driving
197,37282.955,0.96,1,13.5,Driving
198,37283.0725,0.9,1,14.1,Driving
199,37283.12351,0.95,1,14.1,Driving
200,37283.24248,0.96,2,13.5,Driving
201,37283.29049,0.95,1,14.5,Driving
202,37283.42699,0.94,1,13.9,Driving
203,37283.476,0.96,1,14.2,Driving
204,37283.5935,0.98,1,15.1,Driving
205,37283.6425,0.94,1,15.4,Driving
206,37283.7635,0.87,2,15.1,Driving
207,37283.88392,0.93,1,14.7,Driving
208,37283.93349,0.96,1,16.3,Driving
209,37284.059,0.95,1,15.8,Driving
210,37284.1105,0.92,1,15.5,Driving
211,37284.24349,0.94,2,16.7,Driving
212,37284.2925,0.87,2,16.1,Driving
213,37284.40649,0.94,2,15.7,Driving
214,37284.455,0.89,1,15.7,Driving
215,37284.57201,0.92,2,17.3,Driving
216,37284.62249,0.92,1,16.8,Driving
217,37284.74449,0.97,1,17.2,Driving
218,37284.79349,0.87,3,17.7,Driving
219,37284.91349,0.96,1,17.7,Driving
220,37284.964,0.94,2,17.7,Driving
221,37285.07949,0.78,2,18.8,Driving
222,37285.13553,0.84,2,18.8,Driving
223,37285.26747,1.0,0,19.0,Driving
224,37285.31748,1.0,0,18.3,Driving
225,37285.44051,0.87,2,17.9,Driving
226,37285.49,0.95,2,17.2,Driving
227,37285.60499,0.97,2,18.7,Driving
228,37285.65449,0.97,1,19.2,Driving
229,37285.77299,0.97,1,17.5,Driving
230,37285.82249,0.98,1,17.5,Driving
231,37285.942,1.0,0,19.2,Driving
232,37285.9915,0.98,1,18.3,Driving
233,37286.12799,0.91,1,17.9,Driving
234,37286.178,0.96,1,18.2,Driving
235,37286.2935,0.95,1,19.2,Driving
236,37286.41037,0.96,1,19.7,Driving
237,37286.458,0.84,3,19.2,Driving
238,37286.577,0.89,1,20.0,Driving
239,37286.62899,0.99,1,19.6,Driving
240,37286.748,0.98,1,19.9,Driving
241,37286.79801,0.92,2,19.6,Driving
242,37286.9165,0.95,1,18.1,Driving
243,37286.9655,0.99,1,20.2,Driving
244,37287.1,0.97,1,22.4,Driving
245,37287.1505,1.0,0,22.4,Driving
246,37287.26298,0.94,2,22.8,Driving
247,37287.31399,0.98,1,22.8,Driving
248,37287.43599,0.92,2,23.5,Driving
249,37287.48449,1.0,0,22.8,Driving
250,37287.60399,0.98,1,22.4,Driving
251,37287.65349,0.98,1,22.4,Driving
252,37287.77151,0.95,1,20.4,Driving
253,37287.81999,0.93,1,20.4,Driving
254,37287.96349,0.98,1,22.7,Driving
255,37288.01349,0.96,1,21.0,Driving
256,37288.141,0.9,2,20.6,Driving
257,37288.19148,0.94,1,23.2,Driving
258,37288.30749,0.91,2,21.5,Driving
259,37288.35651,0.96,1,21.8,Driving
260,37288.46999,0.89,2,23.8,Driving
261,37288.59243,0.84,3,22.1,Driving
262,37288.639,0.9,3,21.9,Driving
263,37288.75793,0.88,2,22.2,Driving
264,37288.81249,0.85,3,21.9,Driving
265,37288.94249,0.94,1,20.6,Driving
266,37288.993,0.88,3,22.6,Driving
267,37289.10601,0.9,2,23.1,Driving
268,37289.15751,0.85,2,25.0,Driving
269,37289.27501,0.91,1,23.1,Driving
270,37289.32351,0.87,2,22.6,Driving
271,37289.446,0.92,1,23.0,Driving
272,37289.4955,0.87,2,22.6,Driving
273,37289.626,0.89,1,25.0,Driving
274,37289.67551,0.88,2,25.0,Driving
275,37289.82451,0.9,2,25.0,Driving
276,37289.875,0.96,2,23.0,Driving
277,37289.989,0.95,1,24.2,Driving
278,37290.039,0.92,1,22.3,Driving
279,37290.15101,0.9,2,21.9,Driving
280,37290.20049,0.94,1,22.2,Driving
281,37290.31351,0.97,2,21.8,Driving
282,37290.36351,0.98,1,22.3,Driving
283,37290.47951,0.99,1,23.2,Driving
284,37290.52949,0.98,1,23.2,Driving
285,37290.647,0.92,1,21.6,Driving
286,37290.696,0.88,2,22.1,Driving
287,37290.834,0.98,1,23.9,Driving
288,37290.88249,0.96,1,22.0,Driving
289,37290.996,0.95,1,23.9,Driving
290,37291.11252,0.93,1,24.4,Driving
291,37291.162,0.96,1,23.9,Driving
292,37291.27994,0.99,1,22.2,Driving
293,37291.33,1.0,0,24.0,Driving
294,37291.45449,0.92,1,22.3,Driving
295,37291.50299,0.98,1,23.2,Driving
296,37291.64149,0.98,1,23.2,Driving
297,37291.6925,0.94,1,23.2,Driving
298,37291.80549,0.97,1,25.6,Driving
299,37291.85449,0.97,1,25.6,Driving
300,37291.972,0.94,2,23.9,Driving
301,37292.02099,0.88,2,24.8,Driving
302,37292.14154,0.93,1,22.9,Driving
303,37292.19098,0.91,1,23.8,Driving
304,37292.31049,1.0,0,23.8,Driving
305,37292.36099,0.96,1,23.8,Driving
306,37292.4865,0.95,2,23.0,Driving
307,37292.535,0.98,1,23.0,Driving
308,37292.667,0.94,1,20.6,Driving
309,37292.714,0.95,3,23.4,Driving
310,37292.83,0.89,2,23.0,Driving
311,37292.881,0.88,2,21.8,Driving
312,37292.99399,0.84,2,23.8,Driving
313,37293.047,0.95,1,24.4,Driving
314,37293.16751,0.97,1,23.8,Driving
315,37293.21749,0.93,1,21.5,Driving
316,37293.33401,0.94,1,24.0,Driving
317,37293.382,0.93,1,24.0,Driving
318,37293.5375,0.94,2,22.6,Driving
319,37293.6515,0.96,1,25.1,Driving
320,37293.69999,0.98,1,25.1,Driving
321,37293.814,0.98,1,23.4,Driving
322,37293.864,0.99,1,25.2,Driving
323,37293.98199,0.98,1,23.5,Driving
324,37294.0305,0.95,1,23.0,Driving
325,37294.15399,0.9,1,24.7,Driving
326,37294.20299,0.97,1,24.7,Driving
327,37294.32151,0.95,2,22.3,Driving
328,37294.3705,0.97,1,22.3,Driving
329,37294.50549,0.89,1,23.0,Driving
330,37294.55499,0.92,1,23.5,Driving
331,37294.67351,0.98,1,25.1,Driving
332,37294.724,0.98,2,23.2,Driving
333,37294.84899,0.88,2,22.7,Driving
334,37294.9005,0.88,2,21.7,Driving
335,37295.01449,0.93,1,23.5,Driving
336,37295.06399,0.97,1,23.5,Driving
337,37295.17901,0.94,1,22.2,Driving
338,37295.22999,0.85,2,22.2,Driving
339,37295.3585,0.92,2,24.7,Driving
340,37295.40751,0.88,2,23.7,Driving
341,37295.522,0.88,2,23.2,Driving
342,37295.572,0.94,1,23.8,Driving
343,37295.68601,0.96,1,23.2,Driving
344,37295.7355,0.91,1,23.2,Driving
345,37295.8595,0.86,2,23.2,Driving
346,37295.97392,0.97,1,23.7,Driving
347,37296.024,0.95,1,23.2,Driving
348,37296.15641,0.94,2,23.7,Driving
349,37296.20549,0.95,1,25.6,Driving
350,37296.33901,0.99,1,23.1,Driving
351,37296.38501,0.82,3,24.8,Driving
352,37296.5189,0.98,1,24.8,Driving
353,37296.567,0.94,2,24.8,Driving
354,37296.688,0.91,2,23.0,Driving
355,37296.73699,0.96,1,24.6,Driving
356,37296.852,0.96,1,22.6,Driving
357,37296.9015,0.96,1,22.2,Driving
358,37297.02,0.95,2,22.6,Driving
359,37297.067,0.93,2,24.4,Driving
360,37297.20348,0.97,1,23.2,Driving
361,37297.25399,0.98,1,23.1,Driving
362,37297.36799,0.98,1,23.2,Driving
363,37297.417,0.98,1,23.4,Driving
364,37297.53299,0.86,2,23.5,Driving
365,37297.58201,0.94,1,23.5,Driving
366,37297.69952,0.91,1,23.7,Driving
367,37297.7485,0.97,1,23.9,Driving
368,37297.8675,0.92,3,23.7,Driving
369,37297.9185,0.94,1,25.6,Driving
370,37298.05051,0.96,1,23.2,Driving
371,37298.10151,0.92,3,23.2,Driving
372,37298.24898,0.97,1,25.6,Driving
373,37298.36637,0.98,1,23.1,Driving
374,37298.41701,0.99,1,25.5,Driving
375,37298.54589,0.95,1,25.5,Driving
376,37298.59401,0.97,1,23.8,Driving
377,37298.71401,0.94,1,24.7,Driving
378,37298.76401,0.92,2,24.7,Driving
379,37298.88,0.98,1,24.7,Driving
380,37298.93051,0.94,1,22.3,Driving
381,37299.063,0.95,1,24.6,Driving
382,37299.11401,0.92,1,22.5,Driving
383,37299.2275,0.98,1,22.2,Driving
384,37299.2755,0.9,1,22.6,Driving
385,37299.39249,0.9,1,22.6,Driving
386,37299.443,0.9,1,23.1,Driving
387,37299.5605,0.94,2,22.6,Driving
388,37299.61049,0.88,3,20.9,Driving
389,37299.72349,0.82,2,22.6,Driving
390,37299.77149,0.96,1,22.6,Driving
391,37299.88599,0.92,1,25.0,Driving
392,37299.93499,0.97,1,25.0,Driving
393,37300.06399,0.9,3,22.7,Driving
394,37300.11499,0.96,1,22.7,Driving
395,37300.22748,0.89,2,25.0,Driving
396,37300.27649,0.85,3,25.0,Driving
397,37300.39749,0.89,2,22.6,Driving
398,37300.4445,0.89,2,22.6,Driving
399,37300.56201,0.94,2,25.0,Driving
400,37300.61173,0.87,2,22.6,Driving
401,37300.72949,0.88,3,25.1,Driving
402,37300.87409,0.91,1,22.7,Driving
403,37300.92298,0.96,1,22.7,Driving
404,37301.036,0.93,1,23.2,Driving
405,37301.08451,0.91,2,24.4,Driving
406,37301.19848,0.85,3,22.5,Driving
407,37301.24949,0.95,2,22.0,Driving
408,37301.3705,0.91,1,22.4,Driving
409,37301.419,0.89,2,22.0,Driving
410,37301.547,0.94,2,22.0,Driving
411,37301.59701,0.93,2,24.7,Driving
412,37301.7245,0.97,1,23.1,Driving
413,37301.77404,0.96,1,23.1,Driving
414,37301.90899,0.97,1,25.8,Driving
415,37301.95851,0.98,1,24.0,Driving
416,37302.07405,0.98,1,23.5,Driving
417,37302.124,0.97,1,23.9,Driving
418,37302.24099,0.84,4,26.3,Driving
419,37302.2885,0.95,2,24.8,Driving
420,37302.407,0.91,1,24.2,Driving
421,37302.4595,0.84,2,24.2,Driving
422,37302.573,0.89,2,27.1,Driving
423,37302.6225,0.84,4,24.8,Driving
424,37302.76,0.89,2,24.8,Driving
425,37302.8115,0.9,2,25.2,Driving
426,37302.9235,0.86,3,25.2,Driving
427,37302.9725,0.9,3,25.7,Driving
428,37303.0915,0.96,1,28.0,Driving
429,37303.1385,0.77,7,26.3,Driving
430,37303.262,0.86,4,25.8,Driving
431,37303.37698,0.98,1,28.3,Driving
432,37303.4265,0.91,2,27.8,Driving
433,37303.54639,0.92,2,25.9,Driving
434,37303.59599,0.93,2,28.0,Driving
435,37303.73449,0.94,1,25.5,Driving
436,37303.785,0.93,2,25.5,Driving
437,37303.897,0.9,2,28.3,Driving
438,37303.94699,0.85,2,28.3,Driving
439,37304.06651,0.97,1,27.4,Driving
440,37304.115,0.89,1,26.6,Driving
441,37304.23648,0.9,2,27.2,Driving
442,37304.28651,0.94,1,29.3,Driving
443,37304.406,0.99,1,26.9,Driving
444,37304.45549,0.89,3,26.9,Driving
445,37304.5975,0.93,3,26.9,Driving
446,37304.64899,0.91,2,27.4,Driving
447,37304.7615,0.95,1,26.9,Driving
448,37304.8115,0.96,1,27.4,Driving
449,37304.927,0.98,1,26.9,Driving
450,37304.9765,0.99,1,27.4,Driving
451,37305.0945,0.96,1,29.4,Driving
452,37305.1455,0.98,1,27.3,Driving
453,37305.26399,0.98,1,26.6,Driving
454,37305.3135,0.96,1,29.1,Driving
455,37305.433,0.97,1,29.1,Driving
456,37305.57706,0.97,1,27.8,Driving
457,37305.6265,0.83,4,27.8,Driving
458,37305.7415,0.94,1,27.8,Driving
459,37305.78999,0.93,1,27.8,Driving
460,37305.9065,0.89,2,25.6,Driving
461,37305.955,0.82,2,27.4,Driving
462,37306.074,0.84,4,25.1,Driving
463,37306.1225,0.88,4,24.6,Driving
464,37306.24449,0.94,2,26.9,Driving
465,37306.296,0.89,2,26.9,Driving
466,37306.44199,0.93,1,24.8,Driving
467,37306.49199,0.96,1,25.4,Driving
468,37306.61349,0.93,1,24.3,Driving
469,37306.6635,0.89,2,24.8,Driving
470,37306.77749,0.9,1,25.1,Driving
471,37306.82699,0.92,1,21.9,Driving
472,37306.93799,0.86,2,23.5,Driving
473,37306.987,0.83,2,24.2,Driving
474,37307.10499,0.89,2,25.4,Driving
475,37307.15501,0.94,2,25.4,Driving
476,37307.276,0.91,1,22.7,Driving
477,37307.32552,0.97,1,22.7,Driving
478,37307.4565,0.95,1,24.3,Driving
479,37307.5055,0.95,2,22.0,Driving
480,37307.6215,0.9,2,22.9,Driving
481,37307.67,0.96,1,23.3,Driving
482,37307.78855,0.82,2,20.8,Driving
483,37307.83521,0.86,2,21.5,Driving
484,37307.9535,0.83,3,20.8,Driving
485,37308.09048,0.85,2,19.5,Driving
486,37308.14,0.84,2,19.0,Driving
487,37308.287,0.85,2,19.6,Driving
488,37308.3345,0.87,1,17.1,Driving
489,37308.44801,0.86,3,17.5,Driving
490,37308.4975,0.93,1,17.5,Driving
491,37308.61301,0.89,1,16.4,Driving
492,37308.663,0.89,1,16.4,Driving
493,37308.779,0.92,2,16.4,Driving
494,37308.825,0.83,6,16.7,Driving
495,37308.9455,0.87,2,14.5,Driving
496,37309.0015,0.63,28,14.6,Driving
497,37309.11099,0.83,5,14.6,Driving
498,37309.164,0.95,1,14.6,Driving
499,37309.29699,0.89,2,13.0,Driving
500,37309.346,0.82,2,13.2,Driving
501,37309.46099,0.97,1,13.1,Driving
502,37309.50899,0.93,1,11.9,Driving
503,37309.62599,0.88,2,11.7,Driving
504,37309.67549,0.93,4,11.7,Driving
505,37309.79549,0.96,1,11.8,Driving
506,37309.84499,0.92,1,11.8,Driving
507,37309.971,0.86,2,10.6,Driving
508,37310.01849,0.89,2,10.6,Driving
509,37310.1525,0.89,2,9.9,Driving
510,37310.20299,0.84,2,10.1,Driving
511,37310.3165,0.79,3,10.1,Driving
512,37310.43889,0.89,2,9.8,Driving
513,37310.486,0.93,1,9.9,Driving
514,37310.61,0.83,4,9.4,Driving
515,37310.6645,0.9,1,9.7,Driving
516,37310.77599,0.89,2,9.9,Driving
517,37310.8275,0.93,2,10.0,Driving
518,37310.949,0.97,1,10.0,Driving
519,37310.99749,0.92,1,10.0,Driving
520,37311.13499,0.96,1,10.3,Driving
521,37311.18301,0.92,1,10.3,Driving
522,37311.2985,0.91,3,10.9,Driving
523,37311.347,0.98,1,10.9,Driving
524,37311.4595,0.97,1,11.4,Driving
525,37311.5095,0.98,1,11.4,Driving
526,37311.62549,0.9,1,11.2,Driving
527,37311.67602,0.92,2,11.2,Driving
528,37311.79349,0.98,1,13.1,Driving
529,37311.843,0.99,1,13.1,Driving
530,37311.98749,0.98,1,13.1,Driving
531,37312.03699,0.95,1,15.2,Driving
532,37312.157,0.97,1,14.6,Driving
533,37312.20648,0.95,1,14.6,Driving
534,37312.32,0.89,1,16.0,Driving
535,37312.37049,0.94,2,16.0,Driving
536,37312.4905,0.98,1,15.6,Driving
537,37312.54002,0.96,1,15.5,Driving
538,37312.65799,0.84,3,17.1,Driving
539,37312.77689,0.95,1,17.4,Driving
540,37312.82599,0.9,2,16.5,Driving
541,37312.9595,0.91,1,16.9,Driving
542,37313.008,0.92,2,18.7,Driving
543,37313.12149,0.83,2,18.4,Driving
544,37313.17402,0.86,2,18.0,Driving
545,37313.298,0.92,1,20.0,Driving
546,37313.34699,0.92,2,19.5,Driving
547,37313.45706,0.53,12,18.8,Driving
548,37313.49205,0.04,85,19.1,Driving
549,37313.64701,0.84,12,20.6,Driving
550,37313.69301,0.97,1,20.2,Driving
551,37313.82901,0.89,1,21.5,Driving
552,37313.8795,0.93,1,22.0,Driving
553,37313.993,0.93,2,23.2,Driving
554,37314.043,0.97,1,22.6,Driving
555,37314.16051,0.92,3,22.1,Driving
556,37314.21199,0.88,1,21.5,Driving
557,37314.32901,0.99,1,23.1,Driving
558,37314.378,0.93,1,22.4,Driving
559,37314.49601,0.89,2,21.9,Driving
560,37314.54651,0.89,3,21.9,Driving
561,37314.68051,0.47,21,24.3,Driving
562,37314.72201,0.8,3,22.0,Driving
563,37314.8675,0.96,1,21.6,Driving
564,37314.90202,0.33,45,21.9,Driving
565,37315.04001,0.74,7,22.8,Driving
566,37315.08982,0.9,2,22.8,Driving
567,37315.20649,0.95,1,22.0,Driving
568,37315.319,0.96,2,22.5,Driving
569,37315.36752,0.85,2,22.5,Driving
570,37315.4875,0.82,3,25.0,Driving
571,37315.5355,0.89,3,25.1,Driving
572,37315.6705,0.91,2,22.9,Driving
573,37315.72201,0.9,3,23.0,Driving
574,37315.835,0.86,2,25.6,Driving
575,37315.882,0.93,1,25.6,Driving
576,37316.0005,0.88,5,24.0,Driving
577,37316.0455,0.9,2,25.9,Driving
578,37316.16751,0.94,1,26.9,Driving
579,37316.21449,0.85,3,23.7,Driving
580,37316.34505,0.24,24,25.3,Driving
581,37316.40404,0.19,51,25.3,Driving
582,37316.48652,0.12,36,23.6,Driving
583,37316.66011,0.01,94,25.1,Driving
584,37316.69951,0.4,43,25.1,Driving
585,37316.733,0.71,6,22.8,Driving
586,37316.85602,0.81,2,22.8,Driving
587,37316.89605,0.71,7,22.9,Driving
588,37317.01502,0.58,21,22.1,Driving
589,37317.07002,0.42,24,22.5,Driving
590,37317.20901,0.06,58,24.4,Driving
591,37317.33351,0.36,58,23.7,Driving
592,37317.36852,0.84,3,23.3,Driving
593,37317.50407,0.93,1,25.1,Driving
594,37317.53501,0.26,37,25.1,Driving
595,37317.68804,0.03,93,22.7,Driving
596,37317.7195,0.58,11,22.8,Driving
597,37317.83299,0.92,1,23.2,Driving
598,37317.8815,0.99,1,24.5,Driving
599,37318.001,0.95,1,22.4,Driving
600,37318.05151,0.95,1,22.8,Driving
601,37318.17004,0.96,1,22.5,Driving
602,37318.22,0.86,2,20.1,Driving
603,37318.34002,0.47,8,21.0,Driving
604,37318.37305,0.1,77,22.5,Driving
605,37318.57255,0.0,100,21.0,Driving
606,37318.57255,0.01,61,21.0,Driving
607,37318.74958,0.0,100,19.9,Driving
608,37318.75901,0.16,40,19.8,Driving
609,37318.86954,0.23,20,19.4,Driving
610,37319.00554,0.13,50,18.2,Driving
611,37319.03352,0.89,1,17.9,Driving
612,37319.06601,0.1,66,18.7,Driving
613,37319.18453,0.18,46,18.3,Driving
614,37319.36252,0.27,64,18.4,Driving
615,37319.37809,0.2,34,18.4,Driving
616,37319.44551,0.81,4,18.7,Driving
617,37319.56402,0.92,2,19.5,Driving
618,37319.60152,0.54,41,17.5,Driving
619,37319.61704,0.0,100,17.5,Driving
620,37319.85853,0.39,53,18.3,Driving
621,37319.89501,0.9,2,17.2,Driving
622,37320.02351,0.95,1,17.5,Driving
623,37320.07401,0.91,3,16.2,Driving
624,37320.18999,0.94,2,16.8,Driving
625,37320.23999,0.92,1,16.5,Driving
626,37320.27403,0.38,42,16.4,Driving
627,37320.42355,0.88,3,15.0,Driving
628,37320.537,0.99,1,16.0,Driving
629,37320.58701,1.0,0,16.5,Driving
630,37320.7005,0.92,1,16.5,Driving
631,37320.75101,0.97,1,18.2,Driving
632,37320.87252,0.58,18,16.4,Driving
633,37320.91951,0.89,3,16.4,Driving
634,37321.039,0.98,1,18.9,Driving
635,37321.0875,0.92,2,18.9,Driving
636,37321.22149,0.89,2,16.6,Driving
637,37321.2711,0.94,1,16.3,Driving
638,37321.38311,0.69,11,18.7,Driving
639,37321.43553,0.94,1,18.7,Driving
640,37321.55151,0.94,2,17.6,Driving
641,37321.602,0.94,2,17.6,Driving
642,37321.71853,0.95,1,19.4,Driving
643,37321.767,0.97,1,19.3,Driving
644,37321.88799,0.9,2,19.4,Driving
645,37321.93602,0.94,2,21.2,Driving
646,37322.055,0.87,2,21.2,Driving
647,37322.10649,0.91,2,21.2,Driving
648,37322.25448,0.96,1,23.1,Driving
649,37322.37405,0.94,2,22.5,Driving
650,37322.423,0.9,1,25.0,Driving
651,37322.53749,0.95,1,24.4,Driving
652,37322.58699,0.95,2,23.9,Driving
653,37322.70303,0.95,1,23.2,Driving
654,37322.755,0.87,4,25.0,Driving
655,37322.874,0.99,1,25.4,Driving
656,37322.923,0.96,2,25.0,Driving
657,37323.059,0.97,1,24.4,Driving
658,37323.109,0.96,2,26.5,Driving
659,37323.22648,1.0,0,25.3,Driving
660,37323.2755,0.97,2,25.3,Driving
661,37323.39349,0.93,1,25.9,Driving
662,37323.4445,0.88,3,27.4,Driving
663,37323.57206,0.9,2,27.4,Driving
664,37323.62351,0.88,1,28.8,Driving
665,37323.7475,0.97,1,28.0,Driving
666,37323.79601,0.97,2,28.0,Driving
667,37323.91399,0.94,1,30.4,Driving
668,37323.9615,0.92,2,30.4,Driving
669,37324.0975,0.96,1,27.8,Driving
670,37324.14703,0.85,2,32.1,Driving
671,37324.26348,0.98,1,31.6,Driving
672,37324.31299,0.98,1,29.3,Driving
673,37324.44399,0.9,1,32.7,Driving
674,37324.49349,0.82,3,33.2,Driving
675,37324.61,0.89,2,32.7,Driving
676,37324.7255,0.91,2,33.4,Driving
677,37324.774,0.88,1,33.3,Driving
678,37324.90987,0.9,1,35.8,Driving
679,37324.96048,0.93,2,32.8,Driving
680,37325.08299,0.98,1,32.8,Driving
681,37325.13299,0.99,1,32.8,Driving
682,37325.24998,1.0,0,33.1,Driving
683,37325.29949,0.98,1,33.1,Driving
684,37325.41353,0.98,1,30.1,Driving
685,37325.4635,0.98,1,30.1,Driving
686,37325.58199,0.96,2,33.3,Driving
687,37325.63048,0.99,1,33.3,Driving
688,37325.7445,0.96,2,31.2,Driving
689,37325.79399,0.92,1,31.2,Driving
690,37325.92601,0.93,2,35.1,Driving
691,37325.975,0.89,2,35.1,Driving
692,37326.0875,0.9,1,32.5,Driving
693,37326.1375,0.9,2,36.5,Driving
694,37326.25251,0.87,1,37.6,Driving
695,37326.30151,0.91,2,36.5,Driving
696,37326.4225,0.9,1,34.4,Driving
697,37326.4715,0.9,1,38.0,Driving
698,37326.595,0.88,2,38.0,Driving
699,37326.64502,0.94,1,37.5,Driving
700,37326.7855,0.88,1,37.5,Driving
701,37326.8365,0.97,1,40.3,Driving
702,37326.9505,0.95,1,39.4,Driving
703,37327.06751,0.95,1,40.1,Driving
704,37327.11799,0.92,2,42.7,Driving
705,37327.23139,0.97,1,39.3,Driving
706,37327.28449,0.92,2,38.9,Driving
707,37327.40287,0.97,1,35.5,Driving
708,37327.45251,0.98,1,39.2,Driving
709,37327.57951,0.97,1,39.8,Driving
710,37327.62849,0.91,1,39.2,Driving
711,37327.77521,0.94,2,40.0,Driving
712,37327.8225,0.92,2,40.8,Driving
713,37327.94249,0.97,1,37.5,Driving
714,37327.9925,0.92,2,38.4,Driving
715,37328.10849,0.96,1,41.9,Driving
716,37328.158,0.95,3,39.9,Driving
717,37328.27455,0.96,2,38.7,Driving
718,37328.32251,0.96,1,38.7,Driving
719,37328.45149,0.98,1,43.0,Driving
720,37328.49999,0.92,2,43.0,Driving
721,37328.6375,0.97,1,44.2,Driving
722,37328.68701,0.98,1,44.9,Driving
723,37328.805,0.95,1,44.2,Driving
724,37328.85301,0.97,1,41.0,Driving
725,37328.9715,0.91,1,44.9,Driving
726,37329.02099,0.95,1,45.6,Driving
727,37329.137,0.87,3,45.9,Driving
728,37329.18752,0.96,1,47.1,Driving
729,37329.30299,0.98,1,45.9,Driving
730,37329.352,0.98,1,45.9,Driving
731,37329.4675,0.99,1,45.4,Driving
732,37329.59837,0.96,1,45.4,Driving
733,37329.6475,0.96,1,42.6,Driving
734,37329.76,0.92,2,47.1,Driving
735,37329.80999,0.93,1,47.1,Driving
736,37329.929,0.95,1,43.9,Driving
737,37329.9785,0.93,1,42.7,Driving
738,37330.097,0.91,1,40.5,Driving
739,37330.14599,0.92,2,44.7,Driving
740,37330.26599,0.97,1,45.8,Driving
741,37330.31499,0.99,1,44.7,Driving
742,37330.44749,0.92,1,46.2,Driving
743,37330.49799,0.88,1,46.2,Driving
744,37330.61549,0.96,1,51.8,Driving
745,37330.66501,0.99,1,51.8,Driving
746,37330.78548,0.97,1,47.5,Driving
747,37330.83449,0.89,2,47.5,Driving
748,37330.95249,0.9,2,53.1,Driving
749,37331.0055,0.86,3,53.1,Driving
750,37331.12249,0.95,1,48.7,Driving
751,37331.17149,0.91,2,48.7,Driving
752,37331.2915,0.99,1,54.3,Driving
753,37331.33999,0.95,1,50.0,Driving
754,37331.477,0.88,3,55.7,Driving
755,37331.52699,0.95,1,56.8,Driving
756,37331.64451,0.86,2,55.1,Driving
757,37331.692,0.93,4,56.2,Driving
758,37331.827,0.87,3,55.1,Driving
759,37331.8745,0.92,2,51.5,Driving
760,37331.9935,0.95,1,54.0,Driving
761,37332.1085,0.88,2,50.0,Driving
762,37332.158,0.93,1,49.0,Driving
763,37332.291,0.94,1,54.5,Driving
764,37332.34099,1.0,0,54.4,Driving
765,37332.45599,0.96,1,50.6,Driving
766,37332.504,0.87,3,50.6,Driving
767,37332.6225,0.98,1,58.2,Driving
768,37332.67,0.9,3,56.6,Driving
769,37332.79049,0.94,1,53.0,Driving
770,37332.84,0.99,1,58.3,Driving
771,37332.9595,0.96,1,59.5,Driving
772,37333.00749,0.94,1,58.3,Driving
773,37333.12649,0.99,1,59.5,Driving
774,37333.17699,1.0,0,59.5,Driving
775,37333.31049,0.96,2,59.5,Driving
776,37333.35849,0.95,1,53.9,Driving
777,37333.48149,1.0,0,60.5,Driving
778,37333.53049,0.97,1,66.9,Driving
779,37333.6495,0.83,2,61.2,Driving
780,37333.70049,0.94,1,61.3,Driving
781,37333.82049,0.92,2,63.5,Driving
782,37333.86798,0.96,1,63.5,Driving
783,37333.98799,0.95,2,57.9,Driving
784,37334.03899,0.94,1,57.9,Driving
785,37334.18697,0.91,2,64.1,Driving
786,37334.23619,0.96,1,63.5,Driving
787,37334.35249,0.94,2,62.6,Driving
788,37334.46379,0.95,1,58.2,Driving
789,37334.51349,0.96,1,61.1,Driving
790,37334.6314,0.95,1,58.2,Driving
791,37334.6805,0.81,4,57.2,Driving
792,37334.803,0.89,3,58.4,Driving
793,37334.85049,0.87,1,61.5,Driving
794,37334.96999,0.93,1,59.4,Driving
795,37335.02,0.85,2,58.0,Driving
796,37335.1615,0.93,1,64.3,Driving
797,37335.21199,0.94,2,60.2,Driving
798,37335.327,0.97,1,65.1,Driving
799,37335.37651,0.93,1,66.6,Driving
800,37335.493,0.93,1,67.2,Driving
801,37335.5415,0.96,1,65.4,Driving
802,37335.662,0.96,1,64.7,Driving
803,37335.71101,0.91,2,67.5,Driving
804,37335.8365,1.0,0,61.2,Driving
805,37335.88601,0.99,1,61.3,Driving
806,37336.02051,0.96,2,61.3,Driving
807,37336.0695,0.98,1,61.9,Driving
808,37336.1845,0.93,2,60.7,Driving
809,37336.23298,0.96,1,61.9,Driving
810,37336.35004,0.97,2,66.1,Driving
811,37336.39949,0.98,1,60.7,Driving
812,37336.51649,0.97,1,62.9,Driving
813,37336.56649,0.99,1,58.0,Driving
814,37336.682,0.97,3,56.4,Driving
815,37336.80399,0.96,1,55.3,Driving
816,37336.85699,0.99,1,59.5,Driving
817,37337.00279,0.95,1,59.5,Driving
818,37337.05349,0.96,2,53.4,Driving
819,37337.17649,0.96,1,58.1,Driving
820,37337.22547,1.0,0,58.1,Driving
821,37337.33899,0.98,1,53.9,Driving
822,37337.39,0.96,1,53.9,Driving
823,37337.50149,0.97,1,54.4,Driving
824,37337.55048,0.97,1,54.5,Driving
825,37337.66699,0.91,3,59.1,Driving
826,37337.71651,0.88,1,59.1,Driving
827,37337.8535,0.94,2,54.8,Driving
828,37337.90299,0.89,2,54.8,Driving
829,37338.02,0.97,1,57.8,Driving
830,37338.0695,0.97,1,52.6,Driving
831,37338.18398,0.94,2,51.5,Driving
832,37338.23249,0.96,1,46.3,Driving
833,37338.35,0.99,1,50.2,Driving
834,37338.39949,0.97,1,50.2,Driving
835,37338.52799,0.9,2,50.8,Driving
836,37338.57749,0.93,1,50.8,Driving
837,37338.696,0.97,1,46.6,Driving
838,37338.7455,0.99,1,46.6,Driving
839,37338.87751,0.92,5,51.2,Driving
840,37339.00106,0.88,4,51.2,Driving
841,37339.04799,0.99,1,45.4,Driving
842,37339.16698,0.98,1,46.6,Driving
843,37339.21498,0.93,3,50.2,Driving
844,37339.33449,0.91,3,45.6,Driving
845,37339.38249,1.0,0,44.8,Driving
846,37339.49938,0.96,1,45.7,Driving
847,37339.54798,0.94,2,46.3,Driving
848,37339.68749,0.91,2,46.3,Driving
849,37339.73699,0.95,1,46.3,Driving
850,37339.8485,0.89,2,45.8,Driving
851,37339.89899,0.97,1,45.8,Driving
852,37340.01449,0.94,1,47.0,Driving
853,37340.06199,0.96,1,50.6,Driving
854,37340.18369,0.9,2,46.8,Driving
855,37340.23249,0.89,3,49.4,Driving
856,37340.35899,0.91,1,49.4,Driving
857,37340.40999,0.94,2,49.4,Driving
858,37340.526,0.87,3,44.7,Driving
859,37340.5755,0.89,2,44.7,Driving
860,37340.723,0.96,1,40.0,Driving
861,37340.77153,0.95,1,40.8,Driving
862,37340.88401,0.89,2,40.0,Driving
863,37340.93398,0.97,1,37.8,Driving
864,37341.048,0.93,1,41.8,Driving
865,37341.09749,0.9,3,42.9,Driving
866,37341.21698,0.97,1,52.2,Driving
867,37341.26749,0.9,2,47.3,Driving
868,37341.3855,0.92,1,47.3,Driving
869,37341.53254,0.86,2,46.2,Driving
870,37341.58301,0.88,3,46.2,Driving
871,37341.69742,0.94,1,49.0,Driving
872,37341.747,0.97,1,49.0,Driving
873,37341.8625,0.91,2,45.6,Driving
874,37341.912,1.0,0,44.3,Driving
875,37342.02649,0.95,2,48.3,Driving
876,37342.0765,0.96,1,47.4,Driving
877,37342.19448,0.99,1,43.4,Driving
878,37342.24398,0.96,1,51.0,Driving
879,37342.3625,0.97,1,52.0,Driving
880,37342.41149,0.99,1,51.0,Driving
881,37342.55748,0.9,1,47.4,Driving
882,37342.6105,0.89,2,48.4,Driving
883,37342.72701,0.89,2,49.6,Driving
884,37342.77543,0.94,2,45.8,Driving
885,37342.89049,0.89,2,47.1,Driving
886,37342.93999,0.87,3,43.7,Driving
887,37343.05249,0.94,2,44.8,Driving
888,37343.10049,0.94,1,44.9,Driving
889,37343.21798,0.94,1,47.4,Driving
890,37343.26747,0.95,2,43.9,Driving
891,37343.40901,0.81,3,43.9,Driving
892,37343.45849,0.87,3,47.3,Driving
893,37343.58899,0.82,2,46.4,Driving
894,37343.63548,0.95,2,47.3,Driving
895,37343.75552,0.84,2,48.8,Driving
896,37343.80299,0.87,2,49.5,Driving
897,37343.92249,0.85,2,48.8,Driving
898,37344.036,0.93,2,48.7,Driving
899,37344.08501,0.87,2,47.8,Driving
900,37344.20448,0.9,3,48.8,Driving
901,37344.25248,0.96,1,39.7,Driving
902,37344.388,0.91,1,41.9,Driving
903,37344.436,0.81,2,41.9,Driving
904,37344.55099,0.85,3,38.2,Driving
905,37344.6025,0.82,2,38.2,Driving
906,37344.718,0.86,2,36.4,Driving
907,37344.7665,0.98,1,38.7,Driving
908,37344.8885,0.87,2,38.8,Driving
909,37344.9395,0.91,2,35.7,Driving
910,37345.05449,0.91,2,38.6,Driving
911,37345.1045,0.97,2,38.6,Driving
912,37345.24948,0.92,1,30.2,Driving
913,37345.29948,0.94,1,30.2,Driving
914,37345.41449,0.94,1,33.1,Driving
915,37345.46349,0.95,1,31.9,Driving
916,37345.58099,0.89,2,31.9,Driving
917,37345.63451,0.83,3,30.2,Driving
918,37345.74699,0.8,2,32.6,Driving
919,37345.79599,0.85,3,31.2,Driving
920,37345.91499,0.86,2,30.3,Driving
921,37345.96749,0.87,2,33.1,Driving
922,37346.08149,0.95,1,33.5,Driving
923,37346.13048,0.92,2,33.5,Driving
924,37346.26798,0.95,1,31.0,Driving
925,37346.37952,0.95,1,31.6,Driving
926,37346.42999,0.77,4,31.0,Driving
927,37346.54738,0.96,1,31.3,Driving
928,37346.59698,0.91,1,30.6,Driving
929,37346.7155,0.85,2,28.7,Driving
930,37346.76599,0.79,3,30.8,Driving
931,37346.88299,0.89,3,31.4,Driving
932,37346.93649,0.8,2,30.8,Driving
933,37347.06549,0.87,1,28.0,Driving
934,37347.11401,0.82,2,30.1,Driving
935,37347.23199,0.79,3,27.8,Driving
936,37347.2825,0.84,2,27.8,Driving
937,37347.4115,0.98,1,26.3,Driving
938,37347.4615,1.0,0,28.4,Driving
939,37347.59101,0.9,3,28.4,Driving
940,37347.6415,0.82,2,25.7,Driving
941,37347.75401,0.83,2,28.0,Driving
942,37347.8025,0.92,2,28.0,Driving
943,37347.9185,0.82,3,28.0,Driving
944,37347.96551,0.92,1,30.7,Driving
945,37348.1085,0.93,2,27.9,Driving
946,37348.1595,0.91,2,28.3,Driving
947,37348.27199,0.96,3,30.5,Driving
948,37348.322,0.94,1,28.1,Driving
949,37348.43598,0.86,2,30.0,Driving
950,37348.48599,0.94,1,30.6,Driving
951,37348.61299,0.85,4,30.0,Driving
952,37348.66248,0.89,4,27.6,Driving
953,37348.781,0.94,1,28.2,Driving
954,37348.91599,0.91,2,28.7,Driving
955,37348.9635,0.87,3,25.9,Driving
956,37349.082,0.82,14,25.2,Driving
957,37349.12599,0.91,2,25.4,Driving
958,37349.23644,0.53,40,25.8,Driving
959,37349.31249,0.36,33,25.2,Driving
960,37349.4145,0.88,2,25.7,Driving
961,37349.46449,0.97,1,25.1,Driving
962,37349.5735,0.67,21,25.6,Driving
963,37349.65624,0.0,100,25.1,Driving
964,37349.751,0.87,6,24.1,Driving
965,37349.79101,0.59,22,24.1,Driving
966,37349.95,0.86,2,25.7,Driving
967,37349.99701,0.86,2,23.4,Driving
968,37350.108,0.84,4,22.9,Driving
969,37350.14353,0.32,53,22.9,Driving
970,37350.15705,0.0,100,22.9,Driving
971,37350.41453,0.2,78,21.7,Driving
972,37350.44401,0.9,2,21.9,Driving
973,37350.49301,0.89,1,21.3,Driving
974,37350.59751,0.38,54,22.5,Driving
975,37350.66353,0.68,9,19.5,Driving
976,37350.801,0.86,2,20.4,Driving
977,37350.85251,0.84,4,20.8,Driving
978,37350.96751,0.9,2,18.3,Driving
979,37351.01501,0.9,3,18.6,Driving
980,37351.12255,0.37,40,18.5,Driving
981,37351.24849,0.91,3,16.4,Driving
982,37351.3015,0.84,2,16.1,Driving
983,37351.422,0.87,2,14.0,Driving
984,37351.469,0.88,2,14.2,Driving
985,37351.59089,0.92,1,14.5,Driving
986,37351.6405,0.96,1,14.6,Driving
987,37351.778,0.83,2,13.7,Driving
988,37351.828,0.97,1,13.4,Driving
989,37351.8575,0.1,84,13.6,Driving
990,37351.99505,0.14,42,13.7,Driving
991,37352.11403,0.74,9,12.2,Driving
992,37352.1625,0.83,3,11.9,Driving
993,37352.27453,0.71,3,12.3,Driving
994,37352.32949,0.82,3,12.2,Driving
995,37352.444,0.88,1,10.9,Driving
996,37352.4945,0.93,1,11.1,Driving
997,37352.6315,0.92,1,11.8,Driving
998,37352.67999,0.9,1,10.7,Driving
999,37352.79649,0.96,1,9.7,Driving
1000,37352.8445,0.93,2,9.7,Driving
1001,37352.9625,0.76,3,8.8,Driving
1002,37353.011,0.78,3,9.0,Driving
1003,37353.13401,0.84,2,9.1,Driving
1004,37353.17664,0.71,19,8.5,Driving
1005,37353.3145,0.79,3,8.5,Driving
1006,37353.35651,0.54,29,8.5,Driving
1007,37353.47153,0.54,36,8.6,Driving
1008,37353.63401,0.48,46,8.0,Driving
1009,37353.65201,0.12,86,8.1,Driving
1010,37353.79353,0.23,48,7.6,Driving
1011,37353.80154,0.0,100,7.7,Driving
1012,37353.80154,0.0,100,7.7,Driving
1013,37354.27143,0.0,100,7.9,Driving
1014,37354.27143,0.0,100,7.9,Driving
1015,37354.27143,0.0,100,7.9,Driving
1016,37354.29201,0.8,18,8.1,Driving
1017,37354.337,0.98,1,8.2,Driving
1018,37354.47352,0.91,1,8.1,Driving
1019,37354.524,0.88,1,7.9,Driving
1020,37354.6405,0.87,1,8.3,Driving
1021,37354.69,0.96,1,8.3,Driving
1022,37354.8045,0.94,1,8.0,Driving
1023,37354.85399,0.88,1,8.7,Driving
1024,37354.9675,0.89,1,9.1,Driving
1025,37355.0155,0.96,2,9.1,Driving
1026,37355.1275,0.51,44,9.1,Driving
1027,37355.14105,0.0,100,9.1,Driving
1028,37355.31403,0.1,67,9.6,Driving
1029,37355.31608,0.0,100,9.6,Driving
1030,37355.31608,0.0,100,9.6,Driving
1031,37355.77902,0.0,100,10.2,Driving
1032,37355.77902,0.0,100,10.2,Driving
1033,37355.79252,0.08,56,10.3,Driving
1034,37355.79504,0.0,100,10.3,Driving
1035,37355.87152,0.07,52,12.3,Driving
1036,37356.00152,0.6,8,11.9,Driving
1037,37356.108,0.79,3,12.9,Driving
1038,37356.16301,0.82,2,12.7,Driving
1039,37356.30199,0.74,10,12.3,Driving
1040,37356.34699,0.86,2,12.3,Driving
1041,37356.47,0.83,2,13.7,Driving
1042,37356.522,0.8,2,13.7,Driving
1043,37356.63799,0.86,2,13.6,Driving
1044,37356.68851,0.86,2,13.3,Driving
1045,37356.803,0.94,1,13.1,Driving
1046,37356.852,0.88,2,14.3,Driving
1047,37356.987,0.98,1,13.6,Driving
1048,37357.037,0.98,1,13.3,Driving
1049,37357.16149,0.94,1,13.1,Driving
1050,37357.21199,0.94,2,12.9,Driving
1051,37357.345,0.87,2,13.6,Driving
1052,37357.3965,0.84,2,13.8,Driving
1053,37357.508,0.85,3,13.5,Driving
1054,37357.55649,0.8,3,12.8,Driving
1055,37357.665,0.8,2,14.3,Driving
1056,37357.7185,0.84,2,14.6,Driving
1057,37357.833,0.87,2,14.3,Driving
1058,37357.87999,0.86,1,13.5,Driving
1059,37357.99949,0.92,1,15.0,Driving
1060,37358.048,0.95,2,15.0,Driving
1061,37358.19599,0.92,1,14.6,Driving
1062,37358.24319,0.89,3,14.8,Driving
1063,37358.366,0.77,3,18.2,Driving
1064,37358.4815,0.76,4,17.6,Driving
1065,37358.529,0.82,2,17.1,Driving
1066,37358.64801,0.81,3,17.4,Driving
1067,37358.6945,0.76,5,18.8,Driving
1068,37358.8185,0.86,3,18.2,Driving
1069,37358.866,0.84,2,18.2,Driving
1070,37358.98201,0.91,1,18.5,Driving
1071,37359.0325,0.9,1,18.2,Driving
1072,37359.17,0.91,1,17.0,Driving
1073,37359.22048,0.94,1,17.0,Driving
1074,37359.33651,0.94,1,19.2,Driving
1075,37359.3865,0.92,2,18.2,Driving
1076,37359.5055,0.82,2,18.3,Driving
1077,37359.559,0.79,3,20.8,Driving
1078,37359.674,0.93,3,20.2,Driving
1079,37359.72301,0.92,2,20.2,Driving
1080,37359.84052,0.94,2,21.3,Driving
1081,37359.89,0.89,2,21.3,Driving
1082,37360.0295,0.98,1,21.3,Driving
1083,37360.08149,0.89,2,21.3,Driving
1084,37360.19548,0.96,1,23.2,Driving
1085,37360.24549,0.93,1,23.7,Driving
1086,37360.37149,0.94,2,21.9,Driving
1087,37360.42099,0.93,2,22.2,Driving
1088,37360.538,0.94,2,24.3,Driving
1089,37360.58499,0.91,2,23.1,Driving
1090,37360.70449,0.98,1,24.8,Driving
1091,37360.82298,0.95,1,25.2,Driving
1092,37360.87249,0.91,1,24.8,Driving
1093,37361.011,0.83,2,23.9,Driving
1094,37361.06049,0.94,1,23.9,Driving
1095,37361.17449,0.97,1,23.9,Driving
1096,37361.22498,0.92,1,23.9,Driving
1097,37361.33999,0.97,1,19.7,Driving
1098,37361.38949,0.92,1,21.4,Driving
1099,37361.50949,0.91,1,21.8,Driving
1100,37361.55849,0.86,3,23.5,Driving
1101,37361.67649,0.88,1,22.2,Driving
1102,37361.725,0.92,2,21.8,Driving
1103,37361.86849,0.91,1,22.3,Driving
1104,37361.91799,0.87,1,22.3,Driving
1105,37362.033,0.78,3,24.3,Driving
1106,37362.086,0.85,2,24.3,Driving
1107,37362.21001,0.89,2,24.3,Driving
1108,37362.26098,0.92,1,22.5,Driving
1109,37362.37951,0.91,1,22.0,Driving
1110,37362.42651,0.92,3,20.2,Driving
1111,37362.542,0.88,2,21.9,Driving
1112,37362.59499,0.84,2,21.8,Driving
1113,37362.709,0.81,2,21.8,Driving
1114,37362.75449,0.76,4,21.8,Driving
1115,37362.89751,0.82,2,21.2,Driving
1116,37362.94701,0.77,2,21.6,Driving
1117,37363.06501,0.79,3,23.2,Driving
1118,37363.183,0.86,3,21.4,Driving
1119,37363.22149,0.58,16,20.8,Driving
1120,37363.36201,0.84,5,22.7,Driving
1121,37363.408,0.91,2,22.2,Driving
1122,37363.525,0.93,1,20.2,Driving
1123,37363.57301,0.88,3,21.6,Driving
1124,37363.61004,0.41,15,19.8,Driving
1125,37363.76851,0.38,26,19.4,Driving
1126,37363.88451,0.34,23,21.2,Driving
1127,37363.9245,0.35,23,21.2,Driving
1128,37364.02644,0.05,78,20.1,Driving
1129,37364.106,0.48,34,22.1,Driving
1130,37364.2265,0.7,8,21.6,Driving
1131,37364.28001,0.46,25,21.5,Driving
1132,37364.38551,0.69,4,21.0,Driving
1133,37364.4335,0.35,9,21.0,Driving
1134,37364.557,0.16,19,20.3,Driving
1135,37364.59601,0.33,42,20.3,Driving
1136,37364.73599,0.92,1,21.9,Driving
1137,37364.78754,0.73,8,20.2,Driving
1138,37364.89105,0.23,28,22.2,Driving
1139,37364.94352,0.29,28,22.2,Driving
1140,37365.08703,0.34,30,20.2,Driving
1141,37365.13149,0.51,7,20.7,Driving
1142,37365.23149,0.31,17,21.9,Driving
1143,37365.29402,0.4,11,21.9,Driving
1144,37365.41101,0.72,4,23.4,Driving
1145,37365.5484,0.89,2,23.0,Driving
1146,37365.59851,0.91,1,22.8,Driving
1147,37365.724,0.92,2,22.8,Driving
1148,37365.771,0.83,4,20.8,Driving
1149,37365.81351,0.58,13,21.2,Driving
1150,37365.93402,0.26,19,23.6,Driving
1151,37366.0595,0.61,28,23.6,Driving
1152,37366.1025,0.83,4,24.4,Driving
1153,37366.21898,0.88,2,23.6,Driving
1154,37366.2695,0.89,1,24.4,Driving
1155,37366.382,0.86,3,24.5,Driving
1156,37366.433,0.9,2,24.4,Driving
1157,37366.56649,0.87,2,25.8,Driving
1158,37366.61001,0.59,12,25.8,Driving
1159,37366.73049,0.95,1,25.8,Driving
1160,37366.7805,0.99,1,29.0,Driving
1161,37366.89799,0.94,2,27.1,Driving
1162,37366.94699,0.92,2,27.1,Driving
1163,37367.07049,0.9,2,27.4,Driving
1164,37367.12099,0.87,2,27.4,Driving
1165,37367.23699,0.74,5,27.4,Driving
1166,37367.29552,0.65,11,25.9,Driving
1167,37367.42349,0.86,2,28.8,Driving
1168,37367.47198,0.94,1,28.0,Driving
1169,37367.5875,0.88,2,27.4,Driving
1170,37367.63748,0.94,1,27.4,Driving
1171,37367.75449,0.88,4,28.7,Driving
1172,37367.80449,0.9,3,26.8,Driving
1173,37367.92299,0.89,2,26.3,Driving
1174,37368.04291,0.94,1,26.9,Driving
1175,37368.091,0.95,2,29.4,Driving
1176,37368.20798,0.87,3,28.2,Driving
1177,37368.26439,0.93,1,31.0,Driving
1178,37368.39149,0.88,2,29.5,Driving
1179,37368.4425,0.94,2,29.5,Driving
1180,37368.55901,0.9,2,31.2,Driving
1181,37368.6105,0.93,1,31.2,Driving
1182,37368.72999,0.8,2,31.2,Driving
1183,37368.77782,0.88,2,31.2,Driving
1184,37368.896,0.93,1,28.4,Driving
1185,37368.946,0.9,1,28.4,Driving
1186,37369.064,0.98,1,33.9,Driving
1187,37369.1145,0.92,1,33.9,Driving
1188,37369.2525,0.92,1,33.9,Driving
1189,37369.301,0.91,2,31.8,Driving
1190,37369.41501,0.85,2,34.6,Driving
1191,37369.4655,0.84,2,34.6,Driving
1192,37369.58551,0.88,2,31.4,Driving
1193,37369.63449,0.85,2,31.4,Driving
1194,37369.7505,0.86,3,35.0,Driving
1195,37369.80199,0.83,3,32.6,Driving
1196,37369.9185,0.89,1,31.8,Driving
1197,37369.968,0.92,1,31.8,Driving
1198,37370.08402,0.91,2,33.4,Driving
1199,37370.13499,0.96,1,33.4,Driving
1200,37370.276,0.91,1,37.4,Driving
1201,37370.39586,0.98,1,35.1,Driving
1202,37370.446,0.93,2,34.4,Driving
1203,37370.56549,0.89,4,35.2,Driving
1204,37370.61248,0.82,3,38.3,Driving
1205,37370.73349,0.88,2,36.0,Driving
1206,37370.783,0.87,2,35.4,Driving
1207,37370.90049,0.86,2,36.1,Driving
1208,37370.95199,0.92,1,35.4,Driving
1209,37371.08599,0.92,1,36.2,Driving
1210,37371.13701,0.88,2,36.2,Driving
1211,37371.25498,0.92,1,36.6,Driving
1212,37371.305,0.78,3,36.6,Driving
1213,37371.42201,0.95,1,37.7,Driving
1214,37371.4705,0.9,2,40.5,Driving
1215,37371.59101,0.83,2,37.1,Driving
1216,37371.639,0.92,2,38.2,Driving
1217,37371.77001,0.87,3,39.9,Driving
1218,37371.83,0.65,14,40.7,Driving
1219,37371.939,0.88,3,39.9,Driving
1220,37371.99252,0.8,6,33.2,Driving
1221,37372.11952,0.87,2,35.5,Driving
1222,37372.1725,0.77,5,36.2,Driving
1223,37372.2835,0.82,8,35.5,Driving
1224,37372.41051,0.54,32,33.6,Driving
1225,37372.44901,0.83,5,36.2,Driving
1226,37372.57552,0.78,8,36.9,Driving
1227,37372.6205,0.92,2,36.2,Driving
1228,37372.66769,0.9,3,37.0,Driving
1229,37372.7915,0.85,3,36.7,Driving
1230,37372.92599,0.68,8,36.7,Driving
1231,37372.9785,0.38,19,41.0,Driving
1232,37373.091,0.88,1,37.1,Driving
1233,37373.14251,0.89,5,37.1,Driving
1234,37373.25799,0.79,4,38.7,Driving
1235,37373.3065,0.9,2,37.7,Driving
1236,37373.41999,0.92,1,38.4,Driving
1237,37373.46851,0.88,4,42.0,Driving
1238,37373.58799,0.89,2,39.0,Driving
1239,37373.63451,0.84,4,38.2,Driving
1240,37373.74999,0.67,12,39.0,Driving
1241,37373.8095,0.78,9,42.6,Driving
1242,37373.94599,0.86,2,45.6,Driving
1243,37373.99249,0.87,4,41.8,Driving
1244,37374.122,0.87,2,41.8,Driving
1245,37374.1715,0.84,2,38.9,Driving
1246,37374.2855,0.94,2,38.0,Driving
1247,37374.33549,0.93,1,35.2,Driving
1248,37374.453,0.91,2,38.2,Driving
1249,37374.503,0.91,2,38.2,Driving
1250,37374.62099,0.87,3,38.2,Driving
1251,37374.6715,0.9,2,38.2,Driving
1252,37374.8065,0.99,1,39.5,Driving
1253,37374.8555,0.91,1,40.2,Driving
1254,37374.9735,0.91,1,44.3,Driving
1255,37375.02201,0.9,2,41.9,Driving
1256,37375.1405,0.83,5,41.2,Driving
1257,37375.26201,0.94,2,47.0,Driving
1258,37375.3125,0.84,2,46.3,Driving
1259,37375.44351,0.87,3,43.8,Driving
1260,37375.491,0.91,1,48.3,Driving
1261,37375.6095,0.91,1,49.4,Driving
1262,37375.6605,0.93,1,48.3,Driving
1263,37375.793,0.84,3,49.6,Driving
1264,37375.8425,0.91,1,49.7,Driving
1265,37375.96,0.89,3,50.8,Driving
1266,37376.0075,0.88,3,50.8,Driving
1267,37376.12599,0.84,2,52.1,Driving
1268,37376.176,0.9,1,50.8,Driving
1269,37376.29499,0.94,1,47.3,Driving
1270,37376.34549,0.93,2,49.4,Driving
1271,37376.46999,0.87,2,46.0,Driving
1272,37376.521,0.88,2,45.0,Driving
1273,37376.65499,0.88,2,45.0,Driving
1274,37376.70449,0.88,1,41.3,Driving
1275,37376.81999,0.93,2,43.8,Driving
1276,37376.87053,0.91,1,44.8,Driving
1277,37376.98849,0.93,2,46.6,Driving
1278,37377.03699,0.95,2,47.6,Driving
1279,37377.16549,0.84,2,46.6,Driving
1280,37377.21447,0.87,3,47.6,Driving
1281,37377.33149,0.91,2,51.8,Driving
1282,37377.4575,0.88,3,48.9,Driving
1283,37377.5055,0.94,2,47.8,Driving
1284,37377.6419,0.9,1,47.8,Driving
1285,37377.68951,0.85,2,43.7,Driving
1286,37377.81601,0.92,2,43.7,Driving
1287,37377.86549,0.9,1,43.6,Driving
1288,37377.981,0.95,1,43.6,Driving
1289,37378.0305,0.86,2,43.6,Driving
1290,37378.144,0.91,2,43.6,Driving
1291,37378.19497,0.89,1,38.6,Driving
1292,37378.31049,0.83,3,38.6,Driving
1293,37378.3605,0.84,2,38.6,Driving
1294,37378.49399,0.92,1,33.1,Driving
1295,37378.54449,0.95,2,33.1,Driving
1296,37378.6585,0.97,1,33.1,Driving
1297,37378.707,0.89,2,33.1,Driving
1298,37378.82199,0.94,1,28.4,Driving
1299,37378.87199,0.88,2,36.6,Driving
1300,37378.98999,0.88,1,31.8,Driving
1301,37379.03899,0.92,2,31.1,Driving
1302,37379.15649,0.94,2,31.7,Driving
1303,37379.20698,0.96,1,31.1,Driving
1304,37379.32899,0.89,4,28.7,Driving
1305,37379.37899,0.92,2,28.1,Driving
1306,37379.51149,0.82,3,29.3,Driving
1307,37379.561,0.88,2,29.3,Driving
1308,37379.679,0.86,2,46.8,Driving
1309,37379.729,0.91,2,44.5,Driving
1310,37379.84849,0.88,3,43.6,Driving
1311,37379.96247,0.89,2,38.3,Driving
1312,37380.01498,0.91,2,47.7,Driving
1313,37380.1475,0.93,2,48.7,Driving
1314,37380.19548,0.86,2,58.6,Driving
1315,37380.337,0.87,1,53.5,Driving
1316,37380.3875,1.0,0,61.2,Driving
1317,37380.516,0.89,3,61.2,Driving
1318,37380.568,0.83,2,62.4,Driving
1319,37380.68449,0.88,2,61.3,Driving
1320,37380.73501,0.85,3,62.4,Driving
1321,37380.84949,0.93,2,69.1,Driving
1322,37380.89699,0.85,2,65.9,Driving
1323,37381.013,0.81,3,64.3,Driving
1324,37381.067,0.86,2,65.7,Driving
1325,37381.1795,0.9,1,71.6,Driving
1326,37381.22899,0.86,2,71.6,Driving
1327,37381.36249,0.91,2,78.5,Driving
1328,37381.4115,0.92,1,79.9,Driving
1329,37381.52306,1.0,0,78.5,Driving
1330,37381.57254,0.87,2,80.4,Driving
1331,37381.6875,0.92,2,85.0,Driving
1332,37381.737,0.85,2,78.5,Driving
1333,37381.85449,0.85,2,76.1,Driving
1334,37381.90299,0.94,1,76.1,Driving
1335,37382.0285,0.83,2,82.3,Driving
1336,37382.07999,0.85,2,82.3,Driving
1337,37382.22598,0.91,2,88.5,Driving
1338,37382.34649,0.87,2,88.5,Driving
1339,37382.39549,0.9,2,94.2,Driving
1340,37382.50599,0.94,1,93.0,Driving
1341,37382.555,0.89,1,93.0,Driving
1342,37382.67099,0.94,1,77.4,Driving
1343,37382.72,0.9,1,79.9,Driving
1344,37382.83649,0.93,2,81.8,Driving
1345,37382.88499,0.88,2,79.9,Driving
1346,37383.003,0.92,2,75.8,Driving
1347,37383.0555,0.87,3,75.8,Driving
1348,37383.18398,0.97,2,68.6,Driving
1349,37383.23398,0.89,2,68.6,Driving
1350,37383.3485,0.85,1,68.6,Driving
1351,37383.39849,0.92,1,64.5,Driving
1352,37383.51902,0.89,1,66.3,Driving
1353,37383.57101,0.87,1,64.5,Driving
1354,37383.68449,0.88,1,69.8,Driving
1355,37383.7335,0.95,1,69.8,Driving
1356,37383.85101,0.92,2,61.9,Driving
1357,37383.89899,0.9,2,61.9,Driving
1358,37384.0385,0.87,2,67.0,Driving
1359,37384.0905,0.86,2,67.0,Driving
1360,37384.21299,0.86,2,59.6,Driving
1361,37384.26548,0.9,2,53.8,Driving
1362,37384.381,0.89,1,57.8,Driving
1363,37384.43,0.95,1,58.9,Driving
1364,37384.547,0.9,2,62.6,Driving
1365,37384.59619,0.92,2,57.4,Driving
1366,37384.729,0.93,2,56.1,Driving
1367,37384.84339,0.96,1,57.2,Driving
1368,37384.8955,0.87,2,59.4,Driving
1369,37385.02599,0.86,2,53.1,Driving
1370,37385.07552,0.82,2,53.1,Driving
1371,37385.19249,0.85,4,51.6,Driving
1372,37385.23999,0.86,2,51.7,Driving
1373,37385.356,0.81,3,53.0,Driving
1374,37385.40549,0.76,3,50.3,Driving
1375,37385.53599,0.88,2,50.3,Driving
1376,37385.58552,0.88,2,53.3,Driving
1377,37385.70005,0.89,2,48.9,Driving
1378,37385.75202,0.83,3,48.9,Driving
1379,37385.8875,0.93,1,53.3,Driving
1380,37385.93548,0.92,1,48.5,Driving
1381,37386.0515,0.83,1,47.4,Driving
1382,37386.09999,0.93,2,44.8,Driving
1383,37386.22049,0.87,2,45.2,Driving
1384,37386.2713,0.93,1,48.1,Driving
1385,37386.3855,0.88,3,44.5,Driving
1386,37386.438,0.79,3,45.7,Driving
1387,37386.55653,0.81,3,48.6,Driving
1388,37386.60201,0.9,1,48.6,Driving
1389,37386.72201,0.88,1,47.3,Driving
1390,37386.7732,0.91,1,47.3,Driving
1391,37386.9105,0.9,1,47.3,Driving
1392,37386.9605,0.88,1,43.0,Driving
1393,37387.0755,0.9,1,45.0,Driving
1394,37387.19289,0.89,1,45.9,Driving
1395,37387.24649,0.89,1,45.0,Driving
1396,37387.36456,0.9,1,43.8,Driving
1397,37387.41352,0.97,1,43.1,Driving
1398,37387.5335,0.91,2,39.0,Driving
1399,37387.58299,0.89,1,38.3,Driving
1400,37387.73351,0.91,1,38.2,Driving
1401,37387.78201,0.93,1,38.2,Driving
1402,37387.89703,0.89,1,39.3,Driving
1403,37387.9465,0.89,1,39.3,Driving
1404,37388.0585,0.87,1,43.2,Driving
1405,37388.10849,0.87,2,38.5,Driving
1406,37388.23799,0.91,1,38.5,Driving
1407,37388.28701,0.89,1,35.0,Driving
1408,37388.3995,0.87,1,34.1,Driving
1409,37388.4495,0.91,1,34.1,Driving
1410,37388.566,0.95,1,36.5,Driving
1411,37388.61799,0.92,1,33.6,Driving
1412,37388.75,0.91,1,33.6,Driving
1413,37388.80049,0.95,1,29.8,Driving
1414,37388.91499,0.9,3,29.2,Driving
1415,37388.96699,0.82,2,29.8,Driving
1416,37389.08149,0.91,3,35.1,Driving
1417,37389.13099,0.85,2,31.7,Driving
1418,37389.25049,0.96,1,30.7,Driving
1419,37389.29949,0.92,1,30.7,Driving
1420,37389.41799,0.8,2,30.7,Driving
1421,37389.556,0.88,3,29.0,Driving
1422,37389.60549,0.91,1,29.0,Driving
1423,37389.7194,0.9,2,25.6,Driving
1424,37389.769,0.88,1,30.7,Driving
1425,37389.8875,0.9,1,31.4,Driving
1426,37389.93601,0.91,1,30.7,Driving
1427,37390.06601,0.87,2,30.8,Driving
1428,37390.116,0.89,3,30.2,Driving
1429,37390.24299,0.95,1,33.0,Driving
1430,37390.29202,0.83,3,29.9,Driving
1431,37390.408,0.92,2,31.1,Driving
1432,37390.45801,0.95,1,31.1,Driving
1433,37390.5945,0.89,3,31.1,Driving
1434,37390.64549,0.86,2,31.7,Driving
1435,37390.756,0.95,1,33.8,Driving
1436,37390.80201,0.75,6,30.1,Driving
1437,37390.92051,0.95,2,29.4,Driving
1438,37390.97,0.87,2,26.2,Driving
1439,37391.08799,0.88,2,28.0,Driving
1440,37391.13753,0.89,1,28.0,Driving
1441,37391.2565,0.91,2,28.0,Driving
1442,37391.30699,0.91,2,30.6,Driving
1443,37391.44554,0.93,1,30.6,Driving
1444,37391.49499,0.97,1,28.8,Driving
1445,37391.60899,0.96,1,30.5,Driving
1446,37391.65899,0.93,2,31.2,Driving
1447,37391.77701,0.85,1,30.5,Driving
1448,37391.90899,0.87,4,31.2,Driving
1449,37391.96399,0.86,2,32.8,Driving
1450,37392.0725,0.95,2,27.3,Driving
1451,37392.12299,0.9,2,26.7,Driving
1452,37392.23888,0.94,1,27.3,Driving
1453,37392.2905,0.92,1,28.9,Driving
1454,37392.424,0.95,2,30.9,Driving
1455,37392.47301,0.88,2,30.9,Driving
1456,37392.58999,0.89,2,28.5,Driving
1457,37392.63651,0.93,1,28.5,Driving
1458,37392.75451,0.87,1,23.4,Driving
1459,37392.8045,0.93,1,23.9,Driving
1460,37392.92301,0.9,1,24.4,Driving
1461,37392.9725,0.89,1,23.9,Driving
1462,37393.09299,0.92,1,23.6,Driving
1463,37393.1435,0.92,1,23.6,Driving
1464,37393.277,0.93,2,22.3,Driving
1465,37393.327,0.88,2,21.7,Driving
1466,37393.444,0.88,1,21.1,Driving
1467,37393.493,0.91,1,21.1,Driving
1468,37393.6125,0.88,2,21.9,Driving
1469,37393.65951,0.88,3,22.6,Driving
1470,37393.7805,0.87,2,19.9,Driving
1471,37393.83,0.9,1,20.5,Driving
1472,37393.9575,0.86,2,21.5,Driving
1473,37394.008,0.88,2,19.0,Driving
1474,37394.126,0.92,1,19.0,Driving
1475,37394.17501,0.89,2,19.4,Driving
1476,37394.30999,0.92,2,18.2,Driving
1477,37394.42687,0.89,2,18.2,Driving
1478,37394.47649,0.88,1,18.2,Driving
1479,37394.58999,0.85,3,18.1,Driving
1480,37394.64199,0.92,1,17.7,Driving
1481,37394.75899,0.92,1,18.0,Driving
1482,37394.80948,0.9,1,19.4,Driving
1483,37394.92899,0.89,2,18.3,Driving
1484,37394.97948,0.88,1,18.3,Driving
1485,37395.13048,0.94,1,19.5,Driving
1486,37395.17948,0.9,2,17.7,Driving
1487,37395.29449,0.9,2,18.5,Driving
1488,37395.34499,0.91,1,16.9,Driving
1489,37395.45899,0.94,1,16.5,Driving
1490,37395.50898,0.94,1,17.4,Driving
1491,37395.62399,0.87,1,17.4,Driving
1492,37395.6735,0.89,2,17.4,Driving
1493,37395.7905,0.94,1,17.3,Driving
1494,37395.84049,0.93,2,17.4,Driving
1495,37395.95748,0.87,2,18.2,Driving
1496,37396.00651,0.88,1,16.2,Driving
1497,37396.1445,0.9,1,16.9,Driving
1498,37396.19399,0.89,1,17.3,Driving
1499,37396.3105,0.9,1,16.0,Driving
1500,37396.36,0.87,1,16.4,Driving
1501,37396.471,0.89,1,16.0,Driving
1502,37396.52,0.87,1,15.6,Driving
1503,37396.637,0.89,2,15.1,Driving
1504,37396.75238,0.88,1,15.6,Driving
1505,37396.802,0.89,1,15.6,Driving
1506,37396.93937,0.86,1,14.5,Driving
1507,37396.989,0.87,1,14.5,Driving
1508,37397.1095,0.74,15,14.9,Driving
1509,37397.155,0.88,1,14.9,Driving
1510,37397.28001,0.67,19,13.7,Driving
1511,37397.3235,0.88,1,13.7,Driving
1512,37397.442,0.87,2,14.0,Driving
1513,37397.4905,0.87,2,12.3,Driving
1514,37397.60749,0.86,1,12.6,Driving
1515,37397.65699,0.87,1,12.3,Driving
1516,37397.7785,0.89,1,11.6,Driving
1517,37397.82799,0.88,2,11.3,Driving
1518,37397.96349,0.87,1,10.8,Driving
1519,37398.01299,0.89,1,10.8,Driving
1520,37398.12799,0.9,1,10.3,Driving
1521,37398.17798,0.88,1,10.3,Driving
1522,37398.29299,0.88,2,9.8,Driving
1523,37398.34248,0.91,1,9.7,Driving
1524,37398.45699,0.89,1,9.9,Driving
1525,37398.50799,0.92,1,9.5,Driving
1526,37398.6365,0.9,2,9.5,Driving
1527,37398.6875,0.93,1,9.5,Driving
1528,37398.82651,0.98,1,9.1,Driving
1529,37398.876,0.88,2,8.8,Driving
1530,37399.006,0.9,1,9.0,Driving
1531,37399.12287,0.98,1,8.7,Driving
1532,37399.173,0.96,1,8.9,Driving
1533,37399.28939,0.96,1,8.6,Driving
1534,37399.34099,0.95,1,8.8,Driving
1535,37399.46101,0.96,1,9.0,Driving
1536,37399.50951,0.98,1,8.8,Driving
1537,37399.62849,0.94,1,8.8,Driving
1538,37399.67699,0.91,1,8.8,Driving
1539,37399.81652,0.88,1,8.9,Driving
1540,37399.8665,0.87,2,8.6,Driving
1541,37399.984,0.9,1,9.1,Driving
1542,37400.033,0.94,3,9.0,Driving
1543,37400.1495,0.89,2,9.6,Driving
1544,37400.19999,0.91,1,9.5,Driving
1545,37400.319,0.99,1,10.0,Driving
1546,37400.3685,0.93,1,10.0,Driving
1547,37400.48299,0.97,1,10.3,Driving
1548,37400.533,0.93,2,10.3,Driving
1549,37400.668,0.96,1,10.3,Driving
1550,37400.7205,0.9,1,11.3,Driving
1551,37400.8335,0.97,1,11.0,Driving
1552,37400.8825,0.85,2,10.9,Driving
1553,37401.00051,0.91,1,11.7,Driving
1554,37401.0495,0.93,1,11.5,Driving
1555,37401.16499,0.85,2,12.3,Driving
1556,37401.21964,0.92,1,12.1,Driving
1557,37401.33449,0.96,2,11.7,Driving
1558,37401.4545,0.83,2,12.8,Driving
1559,37401.50299,0.92,1,12.7,Driving
1560,37401.6355,0.92,2,12.7,Driving
1561,37401.68349,0.97,1,12.7,Driving
1562,37401.79752,0.97,1,13.7,Driving
1563,37401.847,0.91,1,13.7,Driving
1564,37401.96052,0.92,2,13.5,Driving
1565,37402.009,0.93,2,14.9,Driving
1566,37402.1345,0.92,1,14.2,Driving
1567,37402.18498,0.9,1,14.2,Driving
1568,37402.3,0.97,1,15.8,Driving
1569,37402.3495,0.99,1,15.8,Driving
1570,37402.48799,0.91,2,15.0,Driving
1571,37402.535,0.87,2,15.0,Driving
1572,37402.64849,0.89,2,17.4,Driving
1573,37402.6975,0.94,1,17.4,Driving
1574,37402.81801,0.78,3,16.6,Driving
1575,37402.86151,0.63,6,16.6,Driving
1576,37402.98704,0.22,21,18.1,Driving
1577,37403.12096,0.18,44,17.6,Driving
1578,37403.15053,0.13,31,17.3,Driving
1579,37403.20649,0.83,5,20.0,Driving
1580,37403.32299,0.93,1,19.0,Driving
1581,37403.3715,0.94,1,19.0,Driving
1582,37403.5065,0.9,3,20.6,Driving
1583,37403.55499,0.9,3,21.1,Driving
1584,37403.67399,0.97,1,20.6,Driving
1585,37403.79597,0.92,1,21.9,Driving
1586,37403.843,0.91,2,21.4,Driving
1587,37403.96251,0.87,1,20.6,Driving
1588,37404.01651,0.82,3,22.7,Driving
1589,37404.133,0.93,2,22.0,Driving
1590,37404.18149,0.91,1,21.6,Driving
1591,37404.317,0.73,5,22.1,Driving
1592,37404.36251,0.46,32,24.1,Driving
1593,37404.47952,0.2,20,23.0,Driving
1594,37404.54099,0.42,20,22.6,Driving
1595,37404.66952,0.21,55,23.2,Driving
1596,37404.701,0.9,1,24.8,Driving
1597,37404.82051,0.82,8,23.6,Driving
1598,37404.8685,0.88,2,23.3,Driving
1599,37404.98701,0.91,1,24.1,Driving
1600,37405.03699,0.93,2,23.8,Driving
1601,37405.158,0.87,2,24.8,Driving
1602,37405.20699,0.91,1,26.0,Driving
1603,37405.35,0.91,1,23.7,Driving
1604,37405.39751,0.91,3,24.3,Driving
1605,37405.51752,0.71,4,26.1,Driving
1606,37405.56655,0.65,9,24.3,Driving
1607,37405.69052,0.2,25,24.7,Driving
1608,37405.74551,0.79,6,26.9,Driving
1609,37405.87254,0.77,3,26.4,Driving
1610,37405.90153,0.14,32,26.4,Driving
1611,37406.05852,0.07,36,25.7,Driving
1612,37406.08701,0.28,22,26.2,Driving
1613,37406.2355,0.21,25,23.5,Driving
1614,37406.35801,0.58,13,25.4,Driving
1615,37406.39802,0.85,2,23.6,Driving
1616,37406.4355,0.42,41,23.6,Driving
1617,37406.68044,0.0,100,26.1,Driving
1618,37406.69102,0.41,34,24.3,Driving
1619,37406.74101,0.84,4,24.4,Driving
1620,37406.857,0.91,1,24.3,Driving
1621,37406.905,0.91,2,26.5,Driving
1622,37407.01751,0.57,17,24.6,Driving
1623,37407.06602,0.33,40,24.1,Driving
1624,37407.214,0.32,14,27.1,Driving
1625,37407.242,0.06,56,27.0,Driving
1626,37407.39809,0.02,63,24.6,Driving
1627,37407.44454,0.19,56,25.0,Driving
1628,37407.5405,0.46,18,28.0,Driving
1629,37407.68496,0.1,38,26.2,Driving
1630,37407.7325,0.24,52,25.7,Driving
1631,37407.76252,0.81,4,25.7,Driving
1632,37407.85902,0.11,87,26.2,Driving
1633,37408.037,0.22,78,29.2,Driving
1634,37408.06751,0.95,1,28.9,Driving
1635,37408.115,0.9,3,28.4,Driving
1636,37408.23948,0.77,5,27.8,Driving
1637,37408.285,0.89,1,28.3,Driving
1638,37408.40451,0.97,1,30.2,Driving
1639,37408.52791,0.78,11,28.3,Driving
1640,37408.5735,0.96,1,27.8,Driving
1641,37408.69288,0.98,1,29.0,Driving
1642,37408.7395,0.82,2,28.4,Driving
1643,37408.85302,0.88,3,29.0,Driving
1644,37408.90451,0.89,2,31.9,Driving
1645,37409.03703,0.81,4,30.5,Driving
1646,37409.09052,0.41,18,29.9,Driving
1647,37409.21149,0.8,5,33.3,Driving
1648,37409.26149,0.86,2,33.1,Driving
1649,37409.38799,0.89,2,32.2,Driving
1650,37409.43749,0.92,1,31.7,Driving
1651,37409.5535,0.87,2,31.5,Driving
1652,37409.60249,0.92,1,34.0,Driving
1653,37409.72299,0.91,2,31.2,Driving
1654,37409.77254,0.89,1,31.2,Driving
1655,37409.90799,0.87,2,32.1,Driving
1656,37409.95802,0.97,1,32.8,Driving
1657,37410.072,0.89,1,32.1,Driving
1658,37410.12199,0.91,1,35.7,Driving
1659,37410.23648,0.88,3,32.8,Driving
1660,37410.288,0.92,2,33.5,Driving
1661,37410.405,0.86,2,36.9,Driving
1662,37410.45599,0.91,1,34.5,Driving
1663,37410.57499,0.87,2,33.6,Driving
1664,37410.62449,0.9,2,36.8,Driving
1665,37410.7455,0.96,2,36.7,Driving
1666,37410.7965,0.89,1,34.2,Driving
1667,37410.928,0.87,1,37.2,Driving
1668,37410.9775,0.89,2,34.6,Driving
1669,37411.10402,0.95,1,33.9,Driving
1670,37411.21688,0.91,2,34.6,Driving
1671,37411.26801,0.9,2,38.1,Driving
1672,37411.38351,0.9,1,36.3,Driving
1673,37411.43501,0.92,1,35.7,Driving
1674,37411.54951,0.79,4,36.3,Driving
1675,37411.5985,0.85,1,39.8,Driving
1676,37411.73751,0.87,1,36.6,Driving
1677,37411.78851,0.94,1,36.6,Driving
1678,37411.913,0.95,2,37.6,Driving
1679,37411.9645,0.86,2,37.6,Driving
1680,37412.07151,0.65,10,38.5,Driving
1681,37412.14602,0.17,57,39.1,Driving
1682,37412.24799,0.85,3,39.3,Driving
1683,37412.29751,0.95,1,38.4,Driving
1684,37412.424,0.98,1,42.4,Driving
1685,37412.4735,0.87,1,42.4,Driving
1686,37412.5885,0.88,4,43.2,Driving
1687,37412.63899,0.89,1,43.2,Driving
1688,37412.77149,0.96,1,43.2,Driving
1689,37412.82151,0.94,2,40.3,Driving
1690,37412.941,0.88,2,42.9,Driving
1691,37412.98948,0.95,1,43.6,Driving
1692,37413.10498,0.87,3,39.3,Driving
1693,37413.15699,0.97,1,40.2,Driving
1694,37413.277,0.93,2,42.6,Driving
1695,37413.32649,0.94,1,39.4,Driving
1696,37413.44899,0.91,2,38.4,Driving
1697,37413.58044,0.95,1,42.6,Driving
1698,37413.63499,0.88,1,38.7,Driving
1699,37413.75949,0.96,1,38.6,Driving
1700,37413.80851,0.92,2,43.1,Driving
1701,37413.92131,0.81,4,40.2,Driving
1702,37413.97249,0.97,1,39.2,Driving
1703,37414.09399,0.93,2,40.0,Driving
1704,37414.1445,0.98,1,44.0,Driving
1705,37414.25849,0.82,4,39.9,Driving
1706,37414.3115,0.9,3,39.9,Driving
1707,37414.433,0.94,1,44.7,Driving
1708,37414.481,0.87,2,44.7,Driving
1709,37414.617,0.94,1,43.6,Driving
1710,37414.666,0.9,2,44.6,Driving
1711,37414.78149,0.94,1,46.6,Driving
1712,37414.82949,0.93,2,43.5,Driving
1713,37414.948,0.88,4,42.5,Driving
1714,37414.99901,0.95,1,39.4,Driving
1715,37415.12599,0.96,1,41.7,Driving
1716,37415.1745,0.88,3,41.7,Driving
1717,37415.29,0.88,2,44.0,Driving
1718,37415.339,0.89,1,44.0,Driving
1719,37415.47649,0.96,1,41.7,Driving
1720,37415.52599,0.9,2,38.5,Driving
1721,37415.637,0.87,3,40.6,Driving
1722,37415.6915,0.9,1,41.6,Driving
1723,37415.80549,0.9,2,44.0,Driving
1724,37415.92002,0.93,2,41.4,Driving
1725,37415.96999,0.94,1,40.6,Driving
1726,37416.08891,0.86,3,41.4,Driving
1727,37416.139,0.88,2,45.8,Driving
1728,37416.25449,0.95,1,43.3,Driving
1729,37416.30449,0.93,2,42.5,Driving
1730,37416.43949,0.9,2,47.9,Driving
1731,37416.48799,0.89,2,47.9,Driving
1732,37416.60199,0.85,2,50.5,Driving
1733,37416.65098,0.89,1,50.5,Driving
1734,37416.76749,0.89,2,51.8,Driving
1735,37416.81599,0.85,3,45.9,Driving
1736,37416.938,0.95,1,46.9,Driving
1737,37416.98699,0.88,1,50.2,Driving
1738,37417.10349,0.85,1,46.4,Driving
1739,37417.1535,0.88,1,45.4,Driving
1740,37417.29499,0.91,2,50.6,Driving
1741,37417.345,0.92,2,50.6,Driving
1742,37417.471,0.89,4,49.1,Driving
1743,37417.522,0.85,4,47.0,Driving
1744,37417.6395,0.96,1,46.0,Driving
1745,37417.69,0.92,2,43.8,Driving
1746,37417.80601,0.83,2,48.6,Driving
1747,37417.855,0.92,1,49.8,Driving
1748,37417.972,0.89,2,48.6,Driving
1749,37418.023,0.95,1,54.4,Driving
1750,37418.1405,0.92,2,51.1,Driving
1751,37418.19,0.96,1,49.8,Driving
1752,37418.32899,0.89,2,54.6,Driving
1753,37418.44843,0.91,2,54.1,Driving
1754,37418.49449,0.91,2,52.8,Driving
1755,37418.6115,0.93,2,50.9,Driving
1756,37418.6625,0.97,1,55.7,Driving
1757,37418.78406,0.93,1,53.4,Driving
1758,37418.83352,0.89,1,57.9,Driving
1759,37418.951,0.9,1,59.2,Driving
1760,37419.0,0.9,2,57.9,Driving
1761,37419.135,0.95,1,56.6,Driving
1762,37419.18348,0.93,2,56.6,Driving
1763,37419.30249,0.97,1,60.5,Driving
1764,37419.3535,0.88,2,60.5,Driving
1765,37419.47314,0.89,1,56.5,Driving
1766,37419.52299,0.92,2,55.0,Driving
1767,37419.64199,0.91,1,49.3,Driving
1768,37419.69048,0.87,2,50.8,Driving
1769,37419.81599,0.83,3,49.3,Driving
1770,37419.86449,0.88,2,49.3,Driving
1771,37419.9845,0.93,1,50.3,Driving
1772,37420.0345,0.89,2,50.3,Driving
1773,37420.16699,0.9,1,50.3,Driving
1774,37420.21549,0.95,1,46.0,Driving
1775,37420.3305,0.88,2,58.7,Driving
1776,37420.37999,0.88,1,56.5,Driving
1777,37420.49751,0.93,1,55.4,Driving
1778,37420.547,0.93,1,56.7,Driving
1779,37420.6685,0.86,1,55.4,Driving
1780,37420.79837,0.9,1,50.8,Driving
1781,37420.84901,0.9,5,49.8,Driving
1782,37420.982,0.97,1,54.3,Driving
1783,37421.03301,0.95,1,48.5,Driving
1784,37421.14451,0.98,1,56.1,Driving
1785,37421.19449,0.91,2,56.1,Driving
1786,37421.3105,0.87,2,51.5,Driving
1787,37421.36001,0.9,1,50.3,Driving
1788,37421.48,0.93,1,51.3,Driving
1789,37421.531,0.89,1,53.0,Driving
1790,37421.64999,0.97,1,51.3,Driving
1791,37421.69849,0.9,1,51.3,Driving
1792,37421.82449,0.92,1,47.0,Driving
1793,37421.87549,0.88,2,47.0,Driving
1794,37422.00749,0.92,2,49.4,Driving
1795,37422.05699,0.93,2,46.5,Driving
1796,37422.17252,0.97,1,45.5,Driving
1797,37422.22198,0.98,1,42.7,Driving
1798,37422.34102,0.89,2,43.9,Driving
1799,37422.39052,0.84,2,43.9,Driving
1800,37422.5155,0.95,1,46.6,Driving
1801,37422.56599,0.9,2,46.6,Driving
1802,37422.68399,0.92,1,46.6,Driving
1803,37422.73449,0.92,1,51.6,Driving
1804,37422.869,0.86,1,50.5,Driving
1805,37422.91899,0.95,2,45.8,Driving
1806,37423.0355,0.96,1,49.0,Driving
1807,37423.15201,0.87,3,50.1,Driving
1808,37423.20148,0.88,1,49.0,Driving
1809,37423.31531,0.91,2,36.0,Driving
1810,37423.36505,0.86,3,39.3,Driving
1811,37423.48151,0.92,3,40.0,Driving
1812,37423.5325,0.85,2,41.7,Driving
1813,37423.6535,0.86,3,42.5,Driving
1814,37423.70201,0.89,1,43.0,Driving
1815,37423.838,0.92,1,45.3,Driving
1816,37423.8865,0.89,1,45.3,Driving
1817,37424.00851,0.95,1,40.7,Driving
1818,37424.0555,0.89,1,40.7,Driving
1819,37424.18299,0.92,2,36.4,Driving
1820,37424.23248,0.87,3,36.5,Driving
1821,37424.3495,0.9,1,38.9,Driving
1822,37424.3965,0.93,1,38.9,Driving
1823,37424.517,0.95,1,38.5,Driving
1824,37424.56601,0.95,1,38.5,Driving
1825,37424.701,0.93,1,34.4,Driving
1826,37424.7485,0.94,1,33.7,Driving
1827,37424.8675,0.87,2,36.5,Driving
1828,37424.917,0.89,2,37.2,Driving
1829,37425.033,0.87,3,34.1,Driving
1830,37425.0855,0.89,2,34.7,Driving
1831,37425.20348,0.94,1,37.5,Driving
1832,37425.25449,0.88,1,36.1,Driving
1833,37425.37102,0.97,1,38.6,Driving
1834,37425.48901,0.93,1,36.6,Driving
1835,37425.53899,0.88,2,35.9,Driving
1836,37425.67287,0.93,2,38.2,Driving
1837,37425.72348,0.84,3,34.3,Driving
1838,37425.84749,0.93,2,34.3,Driving
1839,37425.89799,0.94,1,34.3,Driving
1840,37426.012,0.92,1,31.3,Driving
1841,37426.06404,0.88,2,33.7,Driving
1842,37426.18098,0.96,2,33.6,Driving
1843,37426.22898,0.92,1,36.6,Driving
1844,37426.348,0.91,1,32.7,Driving
1845,37426.39851,0.87,2,32.7,Driving
1846,37426.532,0.94,2,32.6,Driving
1847,37426.58245,0.98,1,32.6,Driving
1848,37426.6985,0.9,1,34.2,Driving
1849,37426.74701,0.91,2,34.2,Driving
1850,37426.8695,0.94,1,31.9,Driving
1851,37426.9175,0.93,1,31.9,Driving
1852,37427.0355,0.94,2,35.0,Driving
1853,37427.08435,0.92,1,32.6,Driving
1854,37427.20449,0.91,1,31.6,Driving
1855,37427.25399,0.9,1,31.6,Driving
1856,37427.37101,0.92,1,32.2,Driving
1857,37427.42201,0.95,1,32.2,Driving
1858,37427.5565,0.85,2,32.8,Driving
1859,37427.607,0.93,2,33.5,Driving
1860,37427.7235,0.97,1,32.8,Driving
1861,37427.77169,0.83,2,30.0,Driving
1862,37427.88949,0.92,2,31.2,Driving
1863,37428.0039,0.96,1,31.7,Driving
1864,37428.05301,0.94,1,31.2,Driving
1865,37428.18489,0.93,3,31.1,Driving
1866,37428.23548,0.83,3,30.6,Driving
1867,37428.37451,0.94,1,27.2,Driving
1868,37428.42199,0.94,2,29.8,Driving
1869,37428.53899,0.95,1,29.8,Driving
1870,37428.58899,0.86,2,29.8,Driving
1871,37428.706,0.92,1,28.3,Driving
1872,37428.75648,0.89,1,30.2,Driving
1873,37428.88649,0.97,1,30.2,Driving
1874,37428.93599,0.89,1,27.7,Driving
1875,37429.05449,0.96,1,29.8,Driving
1876,37429.10349,0.96,1,29.8,Driving
1877,37429.22348,0.87,2,26.8,Driving
1878,37429.27351,0.97,1,27.5,Driving
1879,37429.40399,0.89,3,29.4,Driving
1880,37429.45599,0.89,2,27.5,Driving
1881,37429.57,0.99,1,27.1,Driving
1882,37429.62052,0.99,1,27.6,Driving
1883,37429.738,0.87,2,26.7,Driving
1884,37429.787,0.86,1,27.4,Driving
1885,37429.91,0.86,1,29.2,Driving
1886,37429.9605,0.89,1,26.8,Driving
1887,37430.07501,0.95,1,26.2,Driving
1888,37430.12451,0.93,1,26.7,Driving
1889,37430.26148,0.92,1,27.9,Driving
1890,37430.38002,0.96,1,25.0,Driving
1891,37430.4265,0.91,4,27.2,Driving
1892,37430.54302,0.94,1,24.9,Driving
1893,37430.5935,0.9,1,24.3,Driving
1894,37430.71099,1.0,0,24.7,Driving
1895,37430.76,0.97,1,26.6,Driving
1896,37430.8785,0.96,1,25.2,Driving
1897,37430.92599,0.93,1,24.7,Driving
1898,37431.047,0.95,1,25.2,Driving
1899,37431.09599,0.96,2,27.0,Driving
1900,37431.22999,0.9,1,24.2,Driving
1901,37431.2805,0.98,1,24.2,Driving
1902,37431.39649,0.86,2,26.3,Driving
1903,37431.44649,0.89,1,23.8,Driving
1904,37431.576,0.94,2,23.8,Driving
1905,37431.62399,0.97,1,23.8,Driving
1906,37431.73949,0.9,2,23.2,Driving
1907,37431.78949,0.91,1,23.2,Driving
1908,37431.90751,0.86,3,25.4,Driving
1909,37431.95398,0.94,2,25.4,Driving
1910,37432.1035,0.91,2,22.6,Driving
1911,37432.15449,0.93,1,25.2,Driving
1912,37432.26899,0.92,3,24.8,Driving
1913,37432.31699,0.98,1,22.7,Driving
1914,37432.43548,0.89,1,23.8,Driving
1915,37432.486,0.9,1,24.1,Driving
1916,37432.60499,0.9,1,23.8,Driving
1917,37432.71991,0.89,3,21.5,Driving
1918,37432.7715,0.9,1,23.4,Driving
1919,37432.88638,0.89,1,21.1,Driving
1920,37432.9385,0.92,1,20.8,Driving
1921,37433.07451,0.91,1,23.0,Driving
1922,37433.12599,0.87,1,23.0,Driving
1923,37433.241,0.93,2,21.2,Driving
1924,37433.29199,0.95,1,21.2,Driving
1925,37433.407,0.94,2,21.8,Driving
1926,37433.46,0.9,2,21.2,Driving
1927,37433.5795,0.89,1,21.6,Driving
1928,37433.62899,0.89,1,23.6,Driving
1929,37433.7495,0.9,1,21.4,Driving
1930,37433.79899,0.89,1,21.3,Driving
1931,37433.95049,0.85,2,23.6,Driving
1932,37433.99899,0.9,1,21.8,Driving
1933,37434.11249,0.94,1,21.4,Driving
1934,37434.16401,0.94,1,21.8,Driving
1935,37434.27551,0.91,1,23.8,Driving
1936,37434.3265,0.93,2,22.0,Driving
1937,37434.44301,0.9,2,23.9,Driving
1938,37434.49148,0.95,1,24.5,Driving
1939,37434.60948,0.93,2,24.7,Driving
1940,37434.65998,0.84,1,22.6,Driving
1941,37434.77799,0.89,1,22.6,Driving
1942,37434.82899,0.9,1,23.1,Driving
1943,37434.97199,0.95,1,22.0,Driving
1944,37435.02171,0.93,2,22.4,Driving
1945,37435.13599,0.93,2,22.0,Driving
1946,37435.24797,0.95,1,22.6,Driving
1947,37435.29899,0.93,1,23.8,Driving
1948,37435.41449,0.94,2,22.8,Driving
1949,37435.46399,0.88,1,23.9,Driving
1950,37435.5835,0.94,1,24.4,Driving
1951,37435.63401,0.93,2,25.6,Driving
1952,37435.769,0.94,2,23.5,Driving
1953,37435.81999,0.8,3,23.5,Driving
1954,37435.93699,0.86,2,26.8,Driving
1955,37435.9865,0.88,1,26.8,Driving
1956,37436.10452,0.93,1,25.6,Driving
1957,37436.152,0.93,1,25.6,Driving
1958,37436.273,0.97,1,25.6,Driving
1959,37436.32349,0.95,1,25.6,Driving
1960,37436.437,0.87,1,25.1,Driving
1961,37436.4865,0.89,1,25.1,Driving
1962,37436.60401,0.91,1,26.7,Driving
1963,37436.6525,0.94,1,24.3,Driving
1964,37436.79551,0.84,2,25.9,Driving
1965,37436.84601,0.98,1,24.2,Driving
1966,37436.9625,0.84,3,25.5,Driving
1967,37437.0095,0.94,1,26.1,Driving
1968,37437.1275,0.92,1,27.3,Driving
1969,37437.1765,0.89,1,25.6,Driving
1970,37437.29299,0.87,1,24.9,Driving
1971,37437.3435,0.88,1,26.8,Driving
1972,37437.461,0.88,1,24.5,Driving
1973,37437.50751,0.89,2,24.5,Driving
1974,37437.64849,0.86,3,26.7,Driving
1975,37437.75942,0.97,1,27.3,Driving
1976,37437.81,0.9,1,26.6,Driving
1977,37437.9285,0.85,2,25.7,Driving
1978,37437.9775,0.89,1,25.1,Driving
1979,37438.09949,0.88,2,23.2,Driving
1980,37438.147,0.89,2,22.8,Driving
1981,37438.26549,0.99,1,21.5,Driving
1982,37438.3155,0.99,1,23.0,Driving
1983,37438.43299,0.85,2,21.8,Driving
1984,37438.48451,0.96,1,21.4,Driving
1985,37438.63051,0.97,1,19.6,Driving
1986,37438.68204,0.92,2,20.1,Driving
1987,37438.796,0.89,2,19.6,Driving
1988,37438.84501,0.87,3,21.9,Driving
1989,37438.9625,0.89,1,21.4,Driving
1990,37439.013,0.91,2,22.1,Driving
1991,37439.12951,0.9,1,25.4,Driving
1992,37439.1795,0.9,1,25.4,Driving
1993,37439.2955,0.9,2,25.4,Driving
1994,37439.34601,0.97,1,23.7,Driving
1995,37439.4865,0.86,3,26.3,Driving
1996,37439.538,0.91,1,25.1,Driving
1997,37439.654,0.92,2,27.6,Driving
1998,37439.705,0.95,1,26.5,Driving
1999,37439.82,0.91,2,26.0,Driving
2000,37439.9385,0.89,2,24.6,Driving
2001,37439.9865,0.96,1,26.4,Driving
2002,37440.09889,0.9,2,25.2,Driving
2003,37440.149,0.87,1,27.5,Driving
2004,37440.26899,0.9,1,28.1,Driving
2005,37440.31699,0.94,1,29.5,Driving
2006,37440.4525,0.68,10,27.6,Driving
2007,37440.49201,0.18,70,27.6,Driving
2008,37440.62951,0.64,20,26.0,Driving
2009,37440.6735,0.93,2,26.0,Driving
2010,37440.7895,0.9,1,26.7,Driving
2011,37440.83949,0.93,1,27.2,Driving
2012,37440.96099,0.91,1,27.2,Driving
2013,37441.012,0.9,1,27.2,Driving
2014,37441.125,0.9,3,28.3,Driving
2015,37441.1765,0.96,1,28.3,Driving
2016,37441.31649,0.92,1,26.5,Driving
2017,37441.365,0.88,2,26.4,Driving
2018,37441.48152,0.92,1,28.4,Driving
2019,37441.53199,0.89,2,29.0,Driving
2020,37441.64807,0.93,1,30.4,Driving
2021,37441.69703,0.92,2,31.3,Driving
2022,37441.81402,0.89,1,30.6,Driving
2023,37441.86451,0.92,2,26.2,Driving
2024,37441.99151,0.87,1,27.1,Driving
2025,37442.04149,0.97,1,22.5,Driving
2026,37442.16101,0.89,1,23.9,Driving
2027,37442.20851,0.85,2,24.4,Driving
2028,37442.3435,0.95,2,25.2,Driving
2029,37442.45642,0.94,1,22.5,Driving
2030,37442.5095,0.91,1,22.4,Driving
2031,37442.62551,0.9,1,20.1,Driving
2032,37442.67551,0.88,1,21.2,Driving
2033,37442.79401,0.93,1,21.2,Driving
2034,37442.84451,0.91,2,21.2,Driving
2035,37442.95803,0.67,7,20.4,Driving
2036,37443.0225,0.55,40,20.4,Driving
2037,37443.14551,0.75,8,17.7,Driving
2038,37443.17602,0.02,96,17.7,Driving
2039,37443.33101,0.35,34,17.2,Driving
2040,37443.36754,0.66,8,17.2,Driving
2041,37443.48149,0.9,2,17.2,Driving
2042,37443.53199,0.96,2,17.2,Driving
2043,37443.6505,0.88,1,16.0,Driving
2044,37443.7,0.9,1,16.0,Driving
2045,37443.81499,0.94,1,16.0,Driving
2046,37443.8655,0.89,1,15.2,Driving
2047,37443.98149,0.97,1,15.2,Driving
2048,37444.03049,0.99,1,15.2,Driving
2049,37444.1675,0.89,2,14.4,Driving
2050,37444.21798,0.92,2,14.8,Driving
2051,37444.33099,0.97,1,14.4,Driving
2052,37444.38148,0.91,3,12.8,Driving
2053,37444.49653,0.88,1,12.9,Driving
2054,37444.61597,0.95,1,11.6,Driving
2055,37444.6635,0.87,2,11.5,Driving
2056,37444.78066,0.85,2,11.8,Driving
2057,37444.8315,0.99,1,12.2,Driving
2058,37444.96451,0.92,1,10.6,Driving
2059,37445.01451,0.87,2,10.6,Driving
2060,37445.1275,0.9,2,9.4,Driving
2061,37445.17806,0.93,2,9.4,Driving
2062,37445.29352,0.86,1,9.6,Driving
2063,37445.3415,0.94,2,8.7,Driving
2064,37445.464,0.92,1,8.8,Driving
2065,37445.51151,0.93,2,9.2,Driving
2066,37445.6305,0.89,1,7.7,Driving
2067,37445.6805,0.89,1,8.0,Driving
2068,37445.7975,0.95,1,8.1,Driving
2069,37445.8445,0.93,2,8.5,Driving
2070,37445.98001,0.9,1,7.1,Driving
2071,37446.03,0.95,1,7.1,Driving
2072,37446.14599,0.89,1,7.3,Driving
2073,37446.19649,0.9,1,7.3,Driving
2074,37446.33001,0.89,2,6.2,Driving
2075,37446.3805,0.88,1,6.3,Driving
2076,37446.49299,0.85,4,6.4,Driving
2077,37446.54399,0.88,2,6.4,Driving
2078,37446.66599,0.97,1,6.4,Driving
2079,37446.718,0.83,4,6.6,Driving
2080,37446.86999,0.99,1,6.4,Driving
2081,37446.92101,0.85,3,6.5,Driving
2082,37447.03299,0.91,2,6.5,Driving
2083,37447.15794,0.92,1,6.3,Driving
2084,37447.20747,0.87,2,6.6,Driving
2085,37447.322,0.89,1,6.7,Driving
2086,37447.37449,0.92,1,6.6,Driving
2087,37447.4855,0.94,1,6.7,Driving
2088,37447.53599,0.94,1,6.8,Driving
2089,37447.6565,0.85,2,6.3,Driving
2090,37447.70299,0.87,3,6.4,Driving
2091,37447.841,0.94,1,5.9,Driving
2092,37447.88699,0.81,2,6.1,Driving
2093,37448.0045,0.93,1,6.4,Driving
2094,37448.05501,0.93,1,5.8,Driving
2095,37448.1655,0.89,1,5.9,Driving
2096,37448.21982,0.89,1,6.1,Driving
2097,37448.33201,0.88,2,5.3,Driving
2098,37448.38408,0.86,2,5.5,Driving
2099,37448.48849,0.92,1,0.0,Stopped
